-- MySQL dump 10.13  Distrib 5.5.23, for Win64 (x86)
--
-- Host: localhost    Database: forumdb
-- ------------------------------------------------------
-- Server version	5.5.23

/*!40101 SET @OLD_CHARACTER_SET_CLIENT=@@CHARACTER_SET_CLIENT */;
/*!40101 SET @OLD_CHARACTER_SET_RESULTS=@@CHARACTER_SET_RESULTS */;
/*!40101 SET @OLD_COLLATION_CONNECTION=@@COLLATION_CONNECTION */;
/*!40101 SET NAMES utf8 */;
/*!40103 SET @OLD_TIME_ZONE=@@TIME_ZONE */;
/*!40103 SET TIME_ZONE='+00:00' */;
/*!40014 SET @OLD_UNIQUE_CHECKS=@@UNIQUE_CHECKS, UNIQUE_CHECKS=0 */;
/*!40014 SET @OLD_FOREIGN_KEY_CHECKS=@@FOREIGN_KEY_CHECKS, FOREIGN_KEY_CHECKS=0 */;
/*!40101 SET @OLD_SQL_MODE=@@SQL_MODE, SQL_MODE='NO_AUTO_VALUE_ON_ZERO' */;
/*!40111 SET @OLD_SQL_NOTES=@@SQL_NOTES, SQL_NOTES=0 */;

--
-- Table structure for table `branches`
--

DROP TABLE IF EXISTS `branches`;
/*!40101 SET @saved_cs_client     = @@character_set_client */;
/*!40101 SET character_set_client = utf8 */;
CREATE TABLE `branches` (
  `id` bigint(20) NOT NULL AUTO_INCREMENT,
  `description` text NOT NULL,
  `name` text NOT NULL,
  `section_id` bigint(20) NOT NULL,
  PRIMARY KEY (`id`),
  KEY `FK_mc7ngkdkmip8y9rdt2a49m5xv` (`section_id`),
  CONSTRAINT `FK_mc7ngkdkmip8y9rdt2a49m5xv` FOREIGN KEY (`section_id`) REFERENCES `sections` (`id`)
) ENGINE=InnoDB AUTO_INCREMENT=13 DEFAULT CHARSET=utf8;
/*!40101 SET character_set_client = @saved_cs_client */;

--
-- Dumping data for table `branches`
--

LOCK TABLES `branches` WRITE;
/*!40000 ALTER TABLE `branches` DISABLE KEYS */;
INSERT INTO `branches` VALUES (1,'Считывание/вывод данных в консоль, работа с файловыми потоками, и т.д','Файлы и потоки ввода/вывода',5),(3,'Обсуждение вопросов работы с сетью, работа с сокетами и т.д','Сети ',5),(5,' (XML parsers, XSLT, XSD)','XML работа с XML',5),(6,'\r\nРабота с различными базами данных используя JDBC','Базы данных и Java',7),(7,' Использование API JPA, Hibernate, TopLink, OpenJPA, iBatis, JDO, объектные базы данных HSSQL, db4o и д','Персистентность в Java (JPA, ORM, ODB) Объекты или таблицы? SQL или методы-аксессоры?',7),(8,'\r\nНаписание сервлетов, JSP страниц, использование библиотеки стандартных тегов (JSTL), создание собственных тегов, JSF','Основы веб-программирования на Java',8),(9,'\r\nEnterprise JavaBeans, JMS, Message Driven Beans, работа с электронной почтой (JavaMail), Web Services, SOAP, UDDI, WSDL; Data Grid, Compute Grid, такие продукты как Terracotta, JavaSpaces, Coherence, GigaSpaces, Apache Hadoop и т.д.','Java Enterprise и распределённые технологии',8),(10,'JavaScript / JScript','JavaScript / JScript',9),(11,'JRuby (JRails), Clojure, Jython и т.д','JRuby (JRails), Clojure, Jython и т.д',9),(12,'\r\nРазработка графических десктоп-приложений на Java, вопросы по работе и разработке графических компонентов (AWT, Swing, SWT)','Swing, AWT & SWT',6);
/*!40000 ALTER TABLE `branches` ENABLE KEYS */;
UNLOCK TABLES;

--
-- Table structure for table `comments`
--

DROP TABLE IF EXISTS `comments`;
/*!40101 SET @saved_cs_client     = @@character_set_client */;
/*!40101 SET character_set_client = utf8 */;
CREATE TABLE `comments` (
  `id` bigint(20) NOT NULL AUTO_INCREMENT,
  `publicationDate` datetime DEFAULT NULL,
  `text` text NOT NULL,
  `message_id` bigint(20) NOT NULL,
  `user_id` bigint(20) NOT NULL,
  PRIMARY KEY (`id`),
  KEY `FK_dd3ceypd16ra535unjabnn4i3` (`message_id`),
  KEY `FK_1x3vdhb5vv8eu5708riqe07wc` (`user_id`),
  CONSTRAINT `FK_1x3vdhb5vv8eu5708riqe07wc` FOREIGN KEY (`user_id`) REFERENCES `users` (`id`),
  CONSTRAINT `FK_dd3ceypd16ra535unjabnn4i3` FOREIGN KEY (`message_id`) REFERENCES `messages` (`id`)
) ENGINE=InnoDB AUTO_INCREMENT=14 DEFAULT CHARSET=utf8;
/*!40101 SET character_set_client = @saved_cs_client */;

--
-- Dumping data for table `comments`
--

LOCK TABLES `comments` WRITE;
/*!40000 ALTER TABLE `comments` DISABLE KEYS */;
INSERT INTO `comments` VALUES (3,'2016-03-29 21:20:03','Успешно реализовал конвертацию из DOC в HTML с картинками используя Apache POI. Но обратно никак не вдуплю как',3,3),(4,'2016-03-29 21:24:44','Creating a Simple Plugin Mechanism in Java - http://datapile.coffeecrew.org/blog/2013/06/02/creating-a-simple-plugin-mechanism-in-java/ Plugin Framework for Java - https://github.com/decebals/pf4j',5,4),(5,'2016-03-29 21:25:03','Спасибо конечно, но я не совсем понял самого механизма (что, как, куда подключается). Данный пример - это как часть большой формулы. Я так понимаю, что мне нужно копать полные мануалы\\статьи по данному вопросу? Как правильно гуглить этот вопрос: \"Подключаемые модули\", \"....\" ? А то я с подобных примеров только общие моменты уловил, ><',5,4),(6,'2016-03-29 21:25:13','Я могу сделать например при помощи рефлексии такую штуку: Например. Сначала проанализировать какой \"шаблон выбрать\" в настройках, а потом в зависимости от этого создать newInstance() класса по текстовой ссылке переведенной Object m = Class.forName(s).newlnstance(); Для рабочих классов шаблона. Смогу ли я например из скомпилированного jar-ника программы, использовать java\\class\\jar файлы шаблонов в внешней папки? Тобишь - программа устанавливается, создает папку для модулей, туда закачиваются вручную плагины - классы, а потом программа использует их из внешеней папки?',5,5),(7,'2016-03-29 21:25:24','этот кусок программы ищет все файлы с расширением groovy, загружает, прогоняет через scriptmanager и результат проверяет на принадлежность к интерфейсу и вставляет в список плагинов.  . groovy это ява в роли скриптового языка и с мешком синтактического сахара. то-есть код на яве 100% рабочий код на groovy. . я вот что подумал: раз тебе нужна одна программа для разных вещей, то эти вещи не могут быть настолько разными. может тебе стоит попробовать adapter pattern?',5,6),(8,'2016-03-29 21:28:54','    import java.io.BufferedInputStream;     import java.io.BufferedOutputStream;     import java.io.BufferedReader;     import java.io.File;     import java.io.FileInputStream;     import java.io.FileOutputStream;     import java.io.FileReader;     import java.io.IOException;     import java.io.InputStream;     import java.io.OutputStream;     import java.net.InetAddress;     import java.net.ServerSocket;     import java.net.Socket;     import java.net.UnknownHostException;           public class Client {                  public static void main(String[] args) throws UnknownHostException, IOException {                   int filesize = 1022386;             int bytesRead;             int currentTot;                          String FILE_NAME = \"files/file1.txt\";                  //        ServerSocket s = new ServerSocket(0);     //        int port = s.getLocalPort();                          Socket socket = new Socket(InetAddress.getLocalHost(), 15123);             System.out.println(\"Accepted connection : \" + socket);                          byte[] bytearray = new byte[filesize];             InputStream is = socket.getInputStream();             File copyFileName = new File(FILE_NAME);             FileOutputStream fos = new FileOutputStream(copyFileName);             BufferedOutputStream bos = new BufferedOutputStream(fos);             bytesRead = is.read(bytearray, 0, bytearray.length);             currentTot = bytesRead;                   do {                 bytesRead = is.read(bytearray, currentTot, (bytearray.length - currentTot));                 if (bytesRead >= 0) {                     currentTot += bytesRead;                 }             } while (bytesRead > -1);                   bos.write(bytearray, 0, currentTot);                   bos.flush();             bos.close();             socket.close();                      }     }',8,4),(9,'2016-03-29 21:30:04','Поддерживаю вопрос',10,3),(10,'2016-03-29 21:30:15','Позабыл, что писал вопрос. Напишу, свой результат, вдруг кому-то будет полезным. В своем случае реализовал с использованием spring-websocket. В бине-handler\'e websocket запросов храню список открытых websocket-сессий по пользователям. Сессию добавляю в afterConnectionEstablished(), удаляю в afterConnectionClosed().  В случае, когда нужно клиенту отправлять информацию об изменениях, выполняю session.sendMessage(...) Совместимость с версиями браузеров, не поддерживающих websocket, выполнена с помощью SockJS. ',10,5),(11,'2016-03-29 21:53:56','some comment',4,5),(12,'2016-03-29 21:59:01','JQuery ни при чем, что сервер отдал (у Вас, кстати, кириллицу в данном примере сервер не отдает), то на клиент и пришло. А JQuery просто на страницу \"впихнул\". Надо смотреть, чтобы кодировка на сервере отдавалась та же, что используется на клиенте. Посмотрите, например, в браузере в DevTools (или ему подобным), что вообще приходит от сервера. Проверьте кодировку на клиенте. В общем, пока все-равно не ясна конкретно суть проблемы.',19,3),(13,'2016-03-29 22:03:09','По-идее он должен изменять координаты отрисовки квадратика по нажатию на пробел. но ничего не происходит...  что я сделал не так? Помогите.',20,5);
/*!40000 ALTER TABLE `comments` ENABLE KEYS */;
UNLOCK TABLES;

--
-- Table structure for table `countries`
--

DROP TABLE IF EXISTS `countries`;
/*!40101 SET @saved_cs_client     = @@character_set_client */;
/*!40101 SET character_set_client = utf8 */;
CREATE TABLE `countries` (
  `id` bigint(20) NOT NULL AUTO_INCREMENT,
  `iso` varchar(255) DEFAULT NULL,
  `name` varchar(255) DEFAULT NULL,
  PRIMARY KEY (`id`)
) ENGINE=InnoDB AUTO_INCREMENT=254 DEFAULT CHARSET=utf8;
/*!40101 SET character_set_client = @saved_cs_client */;

--
-- Dumping data for table `countries`
--

LOCK TABLES `countries` WRITE;
/*!40000 ALTER TABLE `countries` DISABLE KEYS */;
INSERT INTO `countries` VALUES (1,'UA','Украина'),(2,'AU','Австралия'),(3,'AT','Австрия'),(4,'AZ','Азербайджан'),(5,'AX','Аландские о-ва'),(6,'AL','Албания'),(7,'DZ','Алжир'),(8,'AS','Американское Самоа'),(9,'AI','Ангилья'),(10,'AO','Ангола'),(11,'AD','Андорра'),(12,'AQ','Антарктида'),(13,'AG','Антигуа и Барбуда'),(14,'AR','Аргентина'),(15,'AM','Армения'),(16,'AW','Аруба'),(17,'AF','Афганистан'),(18,'BS','Багамские о-ва'),(19,'BD','Бангладеш'),(20,'BB','Барбадос'),(21,'BH','Бахрейн'),(22,'BY','Беларусь'),(23,'BZ','Белиз'),(24,'BE','Бельгия'),(25,'BJ','Бенин'),(26,'BM','Бермудские о-ва'),(27,'BG','Болгария'),(28,'BO','Боливия'),(29,'BQ','Бонэйр, Синт-Эстатиус и Саба'),(30,'BA','Босния и Герцеговина'),(31,'BW','Ботсвана'),(32,'BR','Бразилия'),(33,'IO','Британская территория в Индийском океане'),(34,'BN','Бруней-Даруссалам'),(35,'BF','Буркина-Фасо'),(36,'BI','Бурунди'),(37,'BT','Бутан'),(38,'VU','Вануату'),(39,'VA','Ватикан'),(40,'GB','Великобритания'),(41,'HU','Венгрия'),(42,'VE','Венесуэла'),(43,'VG','Виргинские о-ва (Британские)'),(44,'VI','Виргинские о-ва (США)'),(45,'UM','Внешние малые о-ва (США)'),(46,'TL','Восточный Тимор'),(47,'VN','Вьетнам'),(48,'GA','Габон'),(49,'HT','Гаити'),(50,'GY','Гайана'),(51,'GM','Гамбия'),(52,'GH','Гана'),(53,'GP','Гваделупа'),(54,'GT','Гватемала'),(55,'GN','Гвинея'),(56,'GW','Гвинея-Бисау'),(57,'DE','Германия'),(58,'GG','Гернси'),(59,'GI','Гибралтар'),(60,'HN','Гондурас'),(61,'HK','Гонконг (особый район)'),(62,'GD','Гренада'),(63,'GL','Гренландия'),(64,'GR','Греция'),(65,'GE','Грузия'),(66,'GU','Гуам'),(67,'DK','Дания'),(68,'JE','Джерси'),(69,'DJ','Джибути'),(70,'DG','Диего-Гарсия'),(71,'DM','Доминика'),(72,'DO','Доминиканская Республика'),(73,'EG','Египет'),(74,'ZM','Замбия'),(75,'EH','Западная Сахара'),(76,'ZW','Зимбабве'),(77,'IL','Израиль'),(78,'IN','Индия'),(79,'iso','Индонезия'),(80,'JO','Иордания'),(81,'IQ','Ирак'),(82,'IR','Иран'),(83,'IE','Ирландия'),(84,'IS','Исландия'),(85,'ES','Испания'),(86,'IT','Италия'),(87,'YE','Йемен'),(88,'CV','Кабо-Верде'),(89,'KZ','Казахстан'),(90,'KY','Каймановы о-ва'),(91,'KH','Камбоджа'),(92,'CM','Камерун'),(93,'CA','Канада'),(94,'IC','Канарские о-ва'),(95,'QA','Катар'),(96,'KE','Кения'),(97,'CY','Кипр'),(98,'KG','Киргизия'),(99,'KI','Кирибати'),(100,'CN','Китай'),(101,'KP','КНДР'),(102,'CC','Кокосовые о-ва'),(103,'CO','Колумбия'),(104,'KM','Коморские о-ва'),(105,'CG','Конго - Браззавиль'),(106,'CD','Конго - Киншаса'),(107,'XK','Косово'),(108,'CR','Коста-Рика'),(109,'CI','Кот-д’Ивуар'),(110,'CU','Куба'),(111,'KW','Кувейт'),(112,'CW','Кюрасао'),(113,'LA','Лаос'),(114,'LV','Латвия'),(115,'LS','Лесото'),(116,'LR','Либерия'),(117,'LB','Ливан'),(118,'LY','Ливия'),(119,'LT','Литва'),(120,'LI','Лихтенштейн'),(121,'LU','Люксембург'),(122,'MU','Маврикий'),(123,'MR','Мавритания'),(124,'MG','Мадагаскар'),(125,'YT','Майотта'),(126,'MO','Макао (особый район)'),(127,'MK','Македония'),(128,'MW','Малави'),(129,'MY','Малайзия'),(130,'ML','Мали'),(131,'MV','Мальдивские о-ва'),(132,'MT','Мальта'),(133,'MA','Марокко'),(134,'MQ','Мартиника'),(135,'MH','Маршалловы о-ва'),(136,'MX','Мексика'),(137,'MZ','Мозамбик'),(138,'MD','Молдова'),(139,'MC','Монако'),(140,'MN','Монголия'),(141,'MS','Монтсеррат'),(142,'MM','Мьянма (Бирма)'),(143,'NA','Намибия'),(145,'NP','Непал'),(146,'NE','Нигер'),(147,'NG','Нигерия'),(148,'NL','Нидерланды'),(149,'NI','Никарагуа'),(150,'NU','Ниуэ'),(151,'NZ','Новая Зеландия'),(152,'NC','Новая Каледония'),(153,'NO','Норвегия'),(154,'AC','о-в Вознесения'),(155,'IM','О-в Мэн'),(156,'NF','о-в Норфолк'),(157,'CX','о-в Рождества'),(158,'SH','О-в Св. Елены'),(159,'CK','о-ва Кука'),(160,'TC','О-ва Тёркс и Кайкос'),(161,'AE','ОАЭ'),(162,'OM','Оман'),(163,'PK','Пакистан'),(164,'PW','Палау'),(165,'PS','Палестинские территории'),(166,'PA','Панама'),(167,'PG','Папуа – Новая Гвинея'),(168,'PY','Парагвай'),(169,'PE','Перу'),(170,'PN','Питкэрн'),(171,'PL','Польша'),(172,'PT','Португалия'),(173,'PR','Пуэрто-Рико'),(174,'KR','Республика Корея'),(175,'RE','Реюньон'),(176,'RU','Россия'),(177,'RW','Руанда'),(178,'RO','Румыния'),(179,'SV','Сальвадор'),(180,'WS','Самоа'),(181,'SM','Сан-Марино'),(182,'ST','Сан-Томе и Принсипи'),(183,'SA','Саудовская Аравия'),(184,'SZ','Свазиленд'),(185,'MP','Северные Марианские о-ва'),(186,'SC','Сейшельские о-ва'),(187,'BL','Сен-Бартельми'),(188,'MF','Сен-Мартен'),(189,'PM','Сен-Пьер и Микелон'),(190,'SN','Сенегал'),(191,'VC','Сент-Винсент и Гренадины'),(192,'KN','Сент-Китс и Невис'),(193,'LC','Сент-Люсия'),(194,'RS','Сербия'),(195,'EA','Сеута и Мелилья'),(196,'SG','Сингапур'),(197,'SX','Синт-Мартен'),(198,'SY','Сирия'),(199,'SK','Словакия'),(200,'SI','Словения'),(201,'US','Соединенные Штаты'),(202,'SB','Соломоновы о-ва'),(203,'SO','Сомали'),(204,'SD','Судан'),(205,'SR','Суринам'),(206,'SL','Сьерра-Леоне'),(207,'TJ','Таджикистан'),(208,'TH','Таиланд'),(209,'TW','Тайвань'),(210,'TZ','Танзания'),(211,'TG','Того'),(212,'TK','Токелау'),(213,'TO','Тонга'),(214,'TT','Тринидад и Тобаго'),(215,'TA','Тристан-да-Кунья'),(216,'TV','Тувалу'),(217,'TN','Тунис'),(218,'TM','Туркменистан'),(219,'TR','Турция'),(220,'UG','Уганда'),(221,'UZ','Узбекистан'),(222,'WF','Уоллис и Футуна'),(223,'UY','Уругвай'),(224,'FO','Фарерские о-ва'),(225,'FM','Федеративные Штаты Микронезии'),(226,'FJ','Фиджи'),(227,'PH','Филиппины'),(228,'FI','Финляндия'),(229,'FK','Фолклендские о-ва'),(230,'FR','Франция'),(231,'GF','Французская Гвиана'),(232,'PF','Французская Полинезия'),(233,'TF','Французские Южные Территории'),(234,'HR','Хорватия'),(235,'CF','ЦАР'),(236,'TD','Чад'),(237,'ME','Черногория'),(238,'CZ','Чехия'),(239,'CL','Чили'),(240,'CH','Швейцария'),(241,'SE','Швеция'),(242,'SJ','Шпицберген и Ян-Майен'),(243,'LK','Шри-Ланка'),(244,'EC','Эквадор'),(245,'GQ','Экваториальная Гвинея'),(246,'ER','Эритрея'),(247,'EE','Эстония'),(248,'ET','Эфиопия'),(249,'ZA','ЮАР'),(250,'GS','Южная Георгия и Южные Сандвичевы о-ва'),(251,'SS','Южный Судан'),(252,'JM','Ямайка'),(253,'JP','Япония');
/*!40000 ALTER TABLE `countries` ENABLE KEYS */;
UNLOCK TABLES;

--
-- Table structure for table `messages`
--

DROP TABLE IF EXISTS `messages`;
/*!40101 SET @saved_cs_client     = @@character_set_client */;
/*!40101 SET character_set_client = utf8 */;
CREATE TABLE `messages` (
  `id` bigint(20) NOT NULL AUTO_INCREMENT,
  `grade` int(11) DEFAULT NULL,
  `publicationDate` datetime DEFAULT NULL,
  `text` text NOT NULL,
  `topic_id` bigint(20) NOT NULL,
  `user_id` bigint(20) NOT NULL,
  PRIMARY KEY (`id`),
  KEY `FK_hei5i058a1jn1h2il7cisw2al` (`topic_id`),
  KEY `FK_j3v4l57l24nd1rt1nm8c27l4g` (`user_id`),
  CONSTRAINT `FK_j3v4l57l24nd1rt1nm8c27l4g` FOREIGN KEY (`user_id`) REFERENCES `users` (`id`),
  CONSTRAINT `FK_hei5i058a1jn1h2il7cisw2al` FOREIGN KEY (`topic_id`) REFERENCES `topics` (`id`)
) ENGINE=InnoDB AUTO_INCREMENT=22 DEFAULT CHARSET=utf8;
/*!40101 SET character_set_client = @saved_cs_client */;

--
-- Dumping data for table `messages`
--

LOCK TABLES `messages` WRITE;
/*!40000 ALTER TABLE `messages` DISABLE KEYS */;
INSERT INTO `messages` VALUES (3,NULL,'2016-03-29 21:19:56','Собственно сабж. Кто нибудь реализовывал такое?\r\nЕсть ли у кого нить примеры?',1,3),(4,NULL,'2016-03-29 21:23:52','Доброго времени суток!\r\n\r\nСтолкнулся со следующей задачей - предположим есть программа, которая взаимодействует с несколькими источниками данных, которые она должна обрабатывать и выводить в интерфейс. Каждый источник имеет свой набор, формат, и количество данных, также как и механизм их получения, обработки, и вывода. Необходимо, чтобы программа могла работать с этими разными источниками, используя для работы с ними их конкретный набор механизмов обработки. Каждый такой набор должен быть в виде внешнего файла с классами обработчиками (например плагины, модули в папке модулей и.т.д.), соответственно программа в настройках могла иметь метод выбора с каким источником работать (просматривая папку с модулями, и подключая найденные варианты в меню выбора).\r\n\r\nСейчас я нахожусь на стадии изучения JavaCore, поэтому для меня организация подобного механизма является неочевидной. Первые \"варварские\" мысли которые приходят в голову, по поводу реализации подобного механизма\" - это метод выбора путем замены дефолтных файлов обработки, на выбранные в настройках, с последующей перегрузкой программы, и подключением скопированных файлов (вместо дефолта). Но это очевидно ложный и варварский метод. С другой стороны я слышал про osgi, естественно не доходя до конкретного рабора (см. стадию изучения), но как мне показалось - она слишком велика и серьезна для моей тривиальной задачи. Также вычитывал по этому вопросу, что можно подгружать классы, соответственно выбор в настройках реализует подгрузку классов обработки и вывода, конкретного выбора. Но и об этом знаю всего ничего...\r\n\r\nПрошу пнуть меня в нужную сторону, и подсказать в каком направлении копать. ',3,3),(5,NULL,'2016-03-29 21:24:23','Я так понимаю, что я могу реализовать подгрузку Jar\'ников с шаблонами при помощи URLClassLoader, как я сделал в коде ниже. Jar содержат реализации классов, и соответственно их можно загрузить - подставив адресс для юрл - на адрес нужного jar реализации. Есть ли подводные камни у такой реализации?',3,3),(6,NULL,'2016-03-29 21:27:03','Предлагаю в данной теме выкладывать ссылки на примеры и гайды по работе с сетями, но на русском языке.',4,3),(7,NULL,'2016-03-29 21:27:25','Имхо просто нет смысла. Сам такой был: на английском ведь непонятно:) Но по факту на английском больше инфы на порядок, чем на русском (причем на порядок это не для красоты словца, ее правда больше как минимум в 10 раз). Учите английский, не по каким-то курсам, просто читайте и пытайтесь понять (базовый уровень, конечно нужен).\r\n\r\nPS Я некропостер:)',4,4),(8,NULL,'2016-03-29 21:28:38','Задача: реализовать сервера и клиента для передачи файлов. Сервер отправляет файл клиенту по запросу. Сервер должен уметь обслуживать одновременно несколько клиентов.\r\n\r\n\r\nВ результате работы над данной задачей не получается устранить следующую ошибку (вообще не понятно, что это - ошибка или нет, т.к. сервер продолжает корректно работать и отдавать подключаемым клиентам - файлы, но в консоли вылазиют эти сообщения. Не могу разобраться как с этим побороться): ',5,3),(9,NULL,'2016-03-29 21:29:14','http://javarticles.com/2015/08/apache-camel-mina-component.html\r\nЕсли нет ограничений на использование дополнительных библиотек, то решение можно упростить с помощью Apache Camel. ',5,4),(10,NULL,'2016-03-29 21:29:57','Добрый день.\r\n\r\nИнтересует следующий вопрос.\r\nИмеется веб-приложение. После загрузки страницы в браузере данные подгружаются только через ajax. Сейчас мне требуется передавать данные на клиент с сервера практически сразу после их изменения на сервере.\r\n\r\nКак я понимаю, если не рассматривать постоянные ajax запросы, у меня два варианта: websocket и server-sent event.\r\n\r\nНа сервере presentation layer формируется на базе spring-webmvc.\r\nЯ пытаюсь понять, а каким образом при использовании websocket\'ов мне отправлять конкретному клиенту изменения по его данным? Где-то на сервере хранить список текущих сессий клиентов, чтобы при произошедших изменениях отправлять в эти сессии сообщения?\r\n\r\nУ вас встречались подобные задачи? Как их правильнее решать?\r\n\r\nServer-sent события пока не стал рассматривать. Как я понял, они не поддерживаются в internet explorer, не уверен, что могу себе позволить такое ограничение.',6,6),(11,NULL,'2016-03-29 21:31:08','Здравствуйте .\r\nПодскажите пожалуйста .\r\nПытаюсь отправить из клиента udp пакеты на stun сервер.\r\nСоздаю сокет тремя разными вариантами, а именно:\r\nthis.sock = new DatagramSocket();\r\nthis.sock = new DatagramSocket(int port);\r\nthis.sock = new DatagramSocket(SocketAddress bindaddr);\r\n\r\nв первых двух случаях пакеты благополучно отправляются на публичный сервер\r\nи приходит соответствующие ответные пакеты.\r\nВ третьем случае пакеты вроде отправляються от клиента но ответа от сервера не приходит.\r\nИ клиент продолжает бесконечно ждать ответа.\r\nПри этом если отправить пакет из локальной сети на bindaddr клиент как и положенно\r\nполучает пакеты и благополучно закрывает сокет.\r\n\r\nВ локальной сети пакеты отправляются и принимаются клиентом без проблем.\r\nВ чем собственно ошибка и почему третий сокет не получает ответы из интернета?\r\nВ чем разница сокетов?\r\nСпасибо.',7,5),(13,NULL,'2016-03-29 21:31:59','Добрый день.\r\n\r\nПрошу помощи...\r\nЕсть задача - получить страницу с сайта. Есть проблема - не могу считать ее до конца. Тело страницы сжато gzip.\r\n\r\nЧто делаю:\r\n1) Отсылаю get запрос.\r\n2) Считываю заголовок ответа посимвольно(оборачиваю InputStream в InputStreamReader), отслеживаю конец заголовка по 2-м переходам строки. Считаю, что остановившись сразу после заголовка http(поэтому посимвольно), в исходном InputStream я буду \"стоять\" сразу в начале тела и смогу продолжить считывать данные другими средствами. Поправьте, если заблуждаюсь.\r\n3) Выясняю, сколько в теле байт. Ищу в заголовке Content-Length и, соответственно, беру число.\r\n4) Создаю byte[] с известной длинной и пытаюсь в него считать все остальные байты тела используя BufferedInputStream на InputStream из п.2. Т. е. начинаю(как думаю) с того места, где остановился. Вот тут у меня сюрприз - Input поток \"зависает\" не дочитав до конца данные. Если в числах, то Content-Length получается около 6400 байт, однако чтение останавливается на 5600 байт.\r\n\r\nПодскажите, пожалуйста, что не так?',8,3),(14,NULL,'2016-03-29 21:33:22','Как разобрать XML',10,4),(15,NULL,'2016-03-29 21:33:58','есть xml документ возможно структура будет меняться . но название элементов наврядли.\r\nможно ли как то перейти сразу к нужному элементу или как сделать перебор всех вложенных элементов чтобы найти нужный ?',11,5),(16,NULL,'2016-03-29 21:34:16','xml api',12,6),(17,NULL,'2016-03-29 21:42:57','Работаю с MySQL 5.5 через JDBC.\r\n\r\nЛиба JDBC - mysql-connector-java-5.1.38-bin.jar.\r\n\r\nФайл my.ini следующего содержимого:',14,5),(18,NULL,'2016-03-29 21:57:58','Здравствуйте, дорогие программисты, 2е сутки бьюсь с кодом который при нажатии на кнопку посылал бы значение этой кнопки в JTextField, и, соответственно, данное значение выводилось бы в строке. Ниже код, что я не правильно делаю? Бомбит и кипит!',15,4),(19,NULL,'2016-03-29 21:58:53','Как настроить JQuery чтобы он принимал русский текст ? ',16,5),(20,NULL,'2016-03-29 22:02:59','Таки нашел уроки по lwjgl. \r\n',17,5),(21,NULL,'2016-03-29 22:03:17','Он меняет при нажатии на пробел. А на следующем цикле меняет их обратно на 100 еще перед отрисовкой. Это прямо в коде в 37-38 строках написано.\r\n',17,5);
/*!40000 ALTER TABLE `messages` ENABLE KEYS */;
UNLOCK TABLES;

--
-- Table structure for table `sections`
--

DROP TABLE IF EXISTS `sections`;
/*!40101 SET @saved_cs_client     = @@character_set_client */;
/*!40101 SET character_set_client = utf8 */;
CREATE TABLE `sections` (
  `id` bigint(20) NOT NULL AUTO_INCREMENT,
  `name` varchar(255) NOT NULL,
  PRIMARY KEY (`id`)
) ENGINE=InnoDB AUTO_INCREMENT=10 DEFAULT CHARSET=utf8;
/*!40101 SET character_set_client = @saved_cs_client */;

--
-- Dumping data for table `sections`
--

LOCK TABLES `sections` WRITE;
/*!40000 ALTER TABLE `sections` DISABLE KEYS */;
INSERT INTO `sections` VALUES (4,'Язык Java'),(5,'Базовые технологии Java'),(6,'Разработка настольных приложений на языке Java'),(7,'Базы данных и Java'),(8,'Веб-программирование на Java'),(9,'Другие JVM языки программирования');
/*!40000 ALTER TABLE `sections` ENABLE KEYS */;
UNLOCK TABLES;

--
-- Table structure for table `topics`
--

DROP TABLE IF EXISTS `topics`;
/*!40101 SET @saved_cs_client     = @@character_set_client */;
/*!40101 SET character_set_client = utf8 */;
CREATE TABLE `topics` (
  `id` bigint(20) NOT NULL AUTO_INCREMENT,
  `name` text NOT NULL,
  `publicationDate` datetime DEFAULT NULL,
  `branch_id` bigint(20) NOT NULL,
  `user_id` bigint(20) NOT NULL,
  PRIMARY KEY (`id`),
  KEY `FK_1kne8r5xuwwjf7g3pws9lg16e` (`branch_id`),
  KEY `FK_3xwo6yg0xh1fc5i2ilcf6vbd7` (`user_id`),
  CONSTRAINT `FK_3xwo6yg0xh1fc5i2ilcf6vbd7` FOREIGN KEY (`user_id`) REFERENCES `users` (`id`),
  CONSTRAINT `FK_1kne8r5xuwwjf7g3pws9lg16e` FOREIGN KEY (`branch_id`) REFERENCES `branches` (`id`)
) ENGINE=InnoDB AUTO_INCREMENT=18 DEFAULT CHARSET=utf8;
/*!40101 SET character_set_client = @saved_cs_client */;

--
-- Dumping data for table `topics`
--

LOCK TABLES `topics` WRITE;
/*!40000 ALTER TABLE `topics` DISABLE KEYS */;
INSERT INTO `topics` VALUES (1,'Конвертация HTML в DOC или DOCX','2016-03-29 21:12:26',1,3),(3,'Модули\\Плагины\\Подгрузка классов - как правильно организовать механизм?','2016-03-29 21:23:41',1,4),(4,'Примеры и гайды по работе с сетями.','2016-03-29 21:26:49',3,5),(5,'Передача файлов через сокеты (требуется помощь)','2016-03-29 21:28:25',3,6),(6,'Отправка сообщения конкретному клиенту по websocket','2016-03-29 21:29:47',3,3),(7,'DatagramSocket','2016-03-29 21:30:59',3,6),(8,'Сервер не отдает все тело. Или я где-то туплю.','2016-03-29 21:31:30',3,5),(9,'XSD в XSLT!','2016-03-29 21:33:08',5,3),(10,'Посовейтуйте интернет-ресурсы где изучить XML','2016-03-29 21:33:15',5,6),(11,'Помогите в Jdom сразу перейти к нужному элементу.','2016-03-29 21:33:49',3,6),(12,'Посоветуйте внятный парсер для xhtml','2016-03-29 21:34:11',3,5),(13,'Помогите с комментариями в XML ','2016-03-29 21:39:54',3,5),(14,'MySQL русская кодировка','2016-03-29 21:42:49',7,4),(15,'Не могу сгенерировать код который при нажати на JButton посылает значение в JTextField.','2016-03-29 21:57:48',12,3),(16,'JQuery русский текст','2016-03-29 21:58:44',10,3),(17,'Графика с lwjgl','2016-03-29 22:02:42',7,5);
/*!40000 ALTER TABLE `topics` ENABLE KEYS */;
UNLOCK TABLES;

--
-- Table structure for table `users`
--

DROP TABLE IF EXISTS `users`;
/*!40101 SET @saved_cs_client     = @@character_set_client */;
/*!40101 SET character_set_client = utf8 */;
CREATE TABLE `users` (
  `id` bigint(20) NOT NULL AUTO_INCREMENT,
  `dateRegister` datetime DEFAULT NULL,
  `email` varchar(255) DEFAULT NULL,
  `enable` bit(1) NOT NULL,
  `login` varchar(255) DEFAULT NULL,
  `password` varchar(255) DEFAULT NULL,
  `photo` mediumblob,
  `role` varchar(255) DEFAULT NULL,
  `country_id` bigint(20) DEFAULT NULL,
  PRIMARY KEY (`id`),
  UNIQUE KEY `UK_6dotkott2kjsp8vw4d0m25fb7` (`email`),
  UNIQUE KEY `UK_ow0gan20590jrb00upg3va2fn` (`login`),
  KEY `FK_40bk1xo1jc7k4f7ym0daevg2f` (`country_id`),
  CONSTRAINT `FK_40bk1xo1jc7k4f7ym0daevg2f` FOREIGN KEY (`country_id`) REFERENCES `countries` (`id`)
) ENGINE=InnoDB AUTO_INCREMENT=7 DEFAULT CHARSET=utf8;
/*!40101 SET character_set_client = @saved_cs_client */;

--
-- Dumping data for table `users`
--

LOCK TABLES `users` WRITE;
/*!40000 ALTER TABLE `users` DISABLE KEYS */;
INSERT INTO `users` VALUES (3,'2016-03-29 19:56:38','kazimirov@ro.ru','','forum','4a7d1ed414474e4033ac29ccb8653d9b','\0JFIF\0,,\0\0\0C\0	\Z!\Z\"$\"$\0C\0f\0\0\0\0\0\0\0\0\0\0\0\0\0\0	\0[\0\n\0\0\0!1AQ\"2aq#RBbrt	37s$%6Sc&45CEFTWd\0\0\0\0\0\0\0\0\0\0\0\0\0\0\0\0\0\0\0\0\0\0\0\0\0\0\0\0\0A\0\0\0?\0}c{=BAFKe(>q*AB:q5                                                  ~=\nCK_5h0FB\n=fu˛V##@@@@@@@@@A4\0( p\"PZyF55M+u^L\0AKgt.\Z?TZy7ݺJg〃ƶ!*`k+[]I;.h{:<`\\PfjYv:xTK{1ѿ|nc\0 @	f\Z4POut\rJ5f,,xk\Z[84c!EGgjd}EIe\r1gi,tpx(>\Z*PN*!Z^N]GQjBvK iڃOqGK\\S(nj4G$LsFCH!.w=? 5N]悤o\nèAZ{.P6FHFI$hH\0ŝhU09 me.wTKO#\0tx\Zڹ\rallI \ry;0H<u:#,Vx!niϯ fFCr\\sqz[C5KZQinA6MX׻ZÛ v]ggkcT\Z>}1!$\r[r\rWytWhi+MuYf2q{@=9                 hʦ:Z*8_=D68\0#ōoi<5)Vz3qU+@<?^pQ;uI#kSyo@9G&]=+:PuڤIEg:v	q|.vp ]U2GxvP̀wE+Z9 z~qSS[MphW0{\'֜;Tv۞26\';<owֺŭ$|opPm8%xY422HhsedGPd8oMhh>        0pР5;\\0|<\nsl\rQ8<_We>F?t\ZO\r54ڮRi3؃֘v$ii#]db\0{1g\0c܃#ꋯxOp՗z!6׮PZbdp\'T;gXnW]=<#΍=c{0|6W-M\n%~\ZsFq>ga?\Z\n{FFm	kz|xߥ-j[p\Zrf	ditw*\0uE=}e.2*:HϹS׬%qQn	q\0o1\0wp=p=L;CIAppGdkmM; \':QǊ\noOw1$̂cͥ{\rokAEx{yIKJɟ;l`4hIq#o\Z\rj-RV3`%:ݜ\rmػXϪ䯨[TT;t1$\rvry#^϶TjmKl9;c!я7>84sAHiw7GPVp)g;~_   퍭FrTcԲ4$Jԃ8xд=m{d4z4\\]~j$;pEB[IFlQ\\f0=,hhiH#\r#ރ)vUCi)t+k_U4͢lk6gp\0@i_\0^\Z;^h+\"[ITe`~pv$:zIT!oWIIEBJ5,qtdg,胢8_XUMQUdm%(\0\0qFlx$x,R4{AkF  U3Ժ6()]]\r(:p2M:4gx+oYMOLTZ[eŁ<so\\E[sqLG;GgqMS77347OvmI5UYOBa\0bG6 :	\09\rsrZCC)_nvyꥅZ9m@3\rĞC(45f=\r-<2P\r[P)Ll4NƖ7c}_5CT%@eʍqh0wGM>H;Q.w=w܀䜻H([͝<[*k/܃\r-?俆6EyMnXFy?g79zVjGOcƎ\Z1,BesO\'9,z@Ltϯisokc532py\'\rkנRhB;xВۨZz퟽q>n-|JAӖ\ZQOwͤ| \\pkry{`xs`u\\nևj#\'2cp\\FrNNBbxse[QWMimIues2Ga701lZbmzEk2:WCK{<|-[-Gūn|hdgѹdg\r(\0n}P[_DA|/n\"m9\'4iɴ+(sbHy,;AikjA-s\'.@pkzddߥ*kCF\0A.nyy5am^U˽3&EckmA//>$4uZޝC+)cy$s~A\\P_tsiN;D\0潭?R\rOhmm%ҍS+!tg {-9;cw\\,qT%fͯoBAx+ҳY\n)%;v:pAΰh~$窯ޥwm2G`g< (ȣlqc\0kZр\06h]\\nܩji\\z>1\"8>\'_\'{%Dk.?r#?aAٮphAN~+X^h攻j\nM-ZCz$՗J+eC&=3q$A}ExA!Զ2\r|pNh\'5\r4-@rWQ_.fkd	ѓ#H	܃!EuFQ\\twIdᑾa1Cy 5ųVޫqZ4U?O[cfS-D\'dys(tw\"n<IJ1`o$78ys\rt/FSSI\"\n\rSZ\0ipc|\'vG惗\'h7\\%l\'F6<T\rnH4?l$Ccx(nWۭ>2*hd0?p~N|]G?vK4x{~,MppA5KJq)#}N\r]T{MNi핚\nd)-[4dx=5NWljQ\\CYOr$\0fkA$AP|$4H\0s$Uq3悧_ihj_wȂA)h!dJb{Ђ:           ]VJntV6rts(s\'Ojìt֧)_-q($h<.vpRR@$ dqusy(5qY+5w7>jdd%\'ZH4֥`%*^{PjRjmyi|~iն-D63>\0c7\rkv88d06{%ӈwT޷,}cc~nZÁR\0_<Q%|DD~(6>=v|uÍ\rk-/j8ËUJTS=t53Hʒ3m+\\y$zi*⧶ͤ8LӺW\0\"hqq\0 μX|^M4ԦH̎q!#;[1h%\\~⎱ҵ#NM fX,w{Z}\\恁\"\"^Apԛﵶ]A!3alg^ :eXm۬v+e~6(րc5%UYTa9	?;sUq\Zڋyz6\'uiYWE˕9@IfѰsŉMgu%U4p\Z>`\r$ Biecp\'mΧϜՏr\r%Ī}nR&eDMf{y4cyI$T.F04^@O!s%9>7٥,m$\0	c$7kRGcsJC\r64*o{()3pLkn|KQFCT\0Fܐ*YᜁB:=[\nz7)ejJ拃WtzćMZ-=m튞&k@3W/`dzI^`<G+pi6qGkM\'x\0jm\"Ҹ$nF5PoN\n^隚֔ikIF44	\r[xũl}\'׵0C]RYFc>rN74s˷2rgv7ubr:hc26V\07Pp6ikgՑoTi-}NzV~lm{d\0;ug\0g_Uʨ**q\\Mk@@@@@@@@@@@@@@@@@@@@AYuƙ\ZB]fԉk!~\Zöa\"r֚>f9$[pn$pi :Z|\'<7d8#]vδӳisӷmDT@fNs\Z	Ź oTm4]5ޚ\n)nFq̠ܼu^^*5JrhD	fH~=ufHcIjm`;,lvXنiI](7Z\n&|QcYs\0}h#EI/5oscO#CZ\\<3=@$\ZSτfSgkZ\njYS$]y ]}5<-Ioed`.aÚ@6=/f󨮴|>EL=IAҜzGfzkvȢ)iAthq>\0wշ-41K3\\Z<	{?WihߛO0}tz;VPxhMuMfS]E38re:Ui-:kM4U퍯8{ی\0n\02A$q3A4~zVUusc4K{~Ђ1h\nSn\'\0)H^PlExrSW7|5ҶHo\\AH><\r. g i>#hmR,<-}#pZ_ R9a-^\Z\'^@ji契0xchA͜i8ך}ڪ(R+e\Zz+ܮޗQP&}Ļ9Acenpk!ώ-?Hv%M\rMPzTTڎ=}[o٨E΢|KDs9miqh,4                     ۨMG[\"wGX%mׅ:ٺzjy_5#|! 80@AO߽mUr^(zb&n;if޹ \\HӴ9pjeF%({)\0	Kn ]x=xA|zuHH9i8Ѵ1qw5}j.Z\0tmqv^H#~9 6=\rdm%zl1KO@HjCmI_#ۘidn\'܃mgmi\nS[jqfL4c\'Pu?b>VYqx5-ʩ۟1cȝvZpsCO{Bk&[5]\rlPTA\\X[}IIp4Bh;pm3!kl+2)Ln%s}Bj1{f{6UIC[SFE,l52wRB\0<.q_G;ڣDݼc-^6?AJiZOGp}YqتgEDEA$8\rw.,5>`.><9|\'nIZIAspխINfDBӜVv\01a;t|Sֺ>ϣ{Y7=5j=ryd}{G\"GEb~7$QTEps\\NvO/ ߼KᖛWd{a\n:ǾfH!t, 5cyc>םM}}U\neIk lq1.aKA\'9PLsVsˬK#RN9$#g؃fJc_$85h$\0<Ph-8\nCjhe4QTOr_R0w9.{sjsTDhiH:Μ8&䖞n<pۅV\nm\r1{={z(7/l~OI\Z˳B?ZN훣`kɱT(\Z1=8UŽe`kIFHch1o܌Gy vo|@:kHM3[`;!`n9A.ZZ6\Z:.Զ8Y[ml\\vh ҚcP˛j[vlNRdxcp<2Gn~Ȝ1{Bi=nMO[L\\]ha9H y\'8esS6)j|gԿ;\ZpAqk]N_Sp~jVhLcsry	^3v|7ʫPræ#k|nzkUS\\怌cf<Ek8ueIU[k/7)i)%;D ]/NWJT[!-z~EК^\r#e\03(\"U5%$\Z>Mj-񹯞]Ǔv407n0朓[5:n+pl]n,ݭ{[=,:uBf	dy/g/XG<\rػ|AD\ZݶjI\rE9tv9p5ơ3vլMi-t-;0ާR\r.\ZJ.\'~tD4K8cxZr-kIurU^.̉NF~pKڒKlgsZ-rS>/~z썦\'LUwrCJ:V߱]%p_M=\\:V4C+OxZ0b(zx\"h\nw|7<}7ggvMu]k1OPsOgNqw԰YŶx,oi9p0W8OؿZiZWW8Cz/mKgƬ\Zu-DZ!LI wnh\r^v\\\r`[M\rl_&OP\Z$XY\r^5q3=*)QltHXǯ#꓍\Z9 okexGA#^`\ZN\Z4 {X\'!|OVkkIm4mT=S)Ã{OxyaյAdK_.)wܐ6p;!c(/n{}X6 ?XbL=7V9f42OЃ8oGFՖd>aC?*\'yAyzzNjo]UWM[4-viu\0Tj&[?9PCC<4jmj\n:\Zˌ]]4;Þ;֖9ܨ6z;U2V|ohs\\> h\"Y֞#h+e0wsu<9d.Y\nAm\ZU#8[5[\" GYE| 3<܃JRKp[i)lL]\"wp<.>xp>Nk\Z\0E{Z<]M6>\0|oN}$ǈ]Gr|V\Z:g\\prPi@[ueHkj4R^ʨ&oVKms]m>9Aiפ.4ڞSNFip\Z\'ks;A\'.fkCYUN7.D9஄ᕪw6*(ÿ{b	\\#ZC\r\'nkwmγui+{{5padj;\\pS5?xj׾tXed@.i9A/n|m+,6yZenO&j6pֽ!lq\Z(g7W$#.\'<kk/i{eELWAmw\"v^\\9-B	mkW{ZZT,7f>A?b6StY袏RAŜ5ݩxsGYIt\rlM.4d#=nmf!YmU\nvwCfX\\\Z#\0`A#EkMES[\r԰FhuUWi]c`YfH0O2j	Wh:Nv&XTz=Ŀ5r5ǽ{7li\\yd4xGZEvq5\r\08\0\ZNN})SwW9#l9}-\'E#_i?K\\g<F\rMڒW]\'lq8n{s4a 6\nfDhs4 ?={Evm&[q`ݬ׈̴<і$B#[\r?a/762mVhpǆA\ZV;R\Zyeb(:GYJj\'4e(1_wt/cّ\\[(iih8)lPk@\0\0{                         q7;3O馭#\rj[˗7xd{q7xc`ྥk\0y:o{4Jdl0Mß0.dGXiWTZ/ւJ6rmnƎ#?\r\0d\ndڟm߃A9S&SPde,AxI5Cl\"m3)a1>G`ny|9\0!`:zXdyqq\0A 쥫5K|f#	,1V9z3y=^:O]gjO8\\bppN\0n$+5_u?\r,.:juݬVR\Z׸ykxUʢOG>1WKwr!qFZysHUTKS)gd\0<\rGr޴ۍCjWFZ*pnݤ;spKPPvLIJ7փ	;fpm^\0 m<DnS\nlgiM]EyZd/igOc}yHf	GZ:.6/gzGgR4Y:WxӞ{iw26Zv6~^<IA!@@@@@@@@@@@@@@@@@@@@@@@@@@@Amt]m[Tsd6HoA\Z\\vFFJ\\W-7;vN	\'ǻ;ЃZW;ɡH٬7AKnzWbk|DVrO iż;|rorS\0h.v\r4[e۴Զ=FW{uV\n-ZHYIтÆ2:y @@@@@@@@@@@Aek[TbG({b0^\\u$II$\00\rim,7#ElUW8x?\n\r7;\ZXuHݔ{\r)7ZFv5~\"T}fR9;Au٣.x\">]*n\n#vy܀\00\0@@@@@@@@@@@@@@@@@@@@@@@@@@@@@@@@@@@@@@@@@@@@@@@@@@@@@@@@@@@@@@@@@@@@@@@@@@@@@@@@@@@@@@@Ak\\(\rppH# g\0 @@@@@@@@Ak\Z\\u$ɗJzgi[:/PF2kO4r?9G8Hw2ˠ   +=D7(#\Z-L7g5LJF4m>Y  pigT4{Rr\\r}    RAP \"Lڸ)#4D䠚1 \0A_D	b$#r}+@$pm9 V|Fw\0U\'	\'\0u(<)[qPz                         \ru,n:7~ƒ!wy nvxA̺KuEդEeZ&?8sǭ>$:wvt[@,tA+y-]δ5amvy B!0jyG$<5lv/黽]NoIclsՌ}n7߉ra|LV;sIIД#P;IP{9ϬPb8YSI>3nzoqtRRyAsdl\"~U!fݽAytࠖZ`h~s ۯ5t)dBBzbχr~Dk_W7T3+nj],%]1<Ec\'~e-t<\0t2UeQ[xB\Z<\0\08ϙAaʙ^y$goInN+cvA(!ڞᶪ^8(2o\Zz|cÏ}8nx\0O35(&פɚFKcנjn\"Rǫ)nV:citݥ!8PF|DU,A]hkQjּ87\"\ZI^]&yy!46&/<cB(-ėE!S:Ok1ɾۻ=n]kPJƂA[OU6]z뎈2-UG̽;ds|OAvZ0oxgT\rg搦kɔK#Z	d<\r[8=hw+ךPneS;G\"wה\Z+yctdnʨZL<GDeh\r5#$>U^Ժ_SP_-Az2MKǎqcgQm3Mb{~F5$Ϫ[>Bqй͉{vɻfQwY44kGgWIp\0dUFGLn}YEN%JCw}:MMpwO<.{4ApኡlKTVs_C\0eV~KXpcU<ѴuSUQ[`dlmvO>Eq|&6?R9Yh>Zr?PXK$H➗hp(0n7-u\0xI3v1AoUQqu\0H5\'8UhOS7~ϼaXSS{i&#yU۪=;k{;v|0VVSASO,a(=Fѕ\Z$!w46p}~R<AsCGOJD15*/$UFes:P`++h5m]Uia^3Ȏ~(\'\\3^WOO<VtW3qջ%H6i\"Zj!p1=>R4רl5lUq!>i0}x\Z\\Pi6>o$B<s$íRUdrHzHú0@9JƎ:Hj9h#?%#G#ږ&645pf%\'$TZV{u=U\Z]=8_ψRMOO-+GIU)tDc`Xއט-7-Ypt;ݏ$\'\Zs~ЂojCz1\rh0\0Te5#60dpl#TZi3)8 S3dt]~$cAsNL?7Old\r>XkYeA?ݥd,ratN\\gQAѷ)*m6xj\"\"sNC9(ގAkZJ14t8\0y,0U	/#܃Lj;\\ij0IےCa.2\nid~^J\0?rΕ\0W+\\k`3anF|\ZROy !cY\0-t1}|fk\rauL	zQ665f|uF2\\GGP>f0*ەZwC3I\\UT:簲=8yj-5wFh\0 uՓ8bP^X+j.Ac@ Q`ɎĳCYtmT82p=-nFȎًi\rK^p3s>kK\\F;\'G }cבAWY}Vہ=;I<~@@@@@@@@@@@@@@@@Ak^$\rn0\0fkX\0bV{s\\ORJwG-/Q,@y7qs9+\"=X%|R8g,Z͏jJKmD 0VR\n#(-8?j#䮄SO\\ih5CTo=qnӎ\0Vb1s@4UT/dǨi䂨hpa̦t$vYQ\ruMD7Adg\ZGV|/i?\Z&F\ZB R칙9.NAi]YoeC/W0kPqQRFC)\0h1 0U,^!|D -M%;X盏PWr\\duaF0~%ՏA[GEE~z&?y絿gͺPj\Zj<oUFp\'e8T[WN^Zƶ\Zyakjf|[ÚNkADWJf(Xu(+ԲdyˉJ66(F\"ak=Zᐂ&AR+9<U`E~;m<\"Wg/\rϪ+	_Fz\"՛u\r$p1htbqˉ2/aEsվ>oGt WKpvahvPZ^V\\utd;zx沩+drKK˞\0:|\0PsoqՏo(lwIQ\ZTctS?YAl▊z!h\' @il4ǬTѰC@E^\"3/U^4Wj6f8}ǨQ];sgvlmGzo  |V=gGUqd\\9\r{<s*~y\'I#|I*>?*\0ujB( Ȫ\nX&dH{ZGB}p6]Y3\"k\Z|\rwt>8=dVQDYƽU)8rZ7[F0d=\0/8!ĜihXP@@A\0X3+ 1ڜnu)r5k\ZN<\0U`oڇRj-BM35eΩ:7D\\s98AM\\w:mp*bdmTGݲYCF5;A9 gҝ/LpclUߣ>d9s9p!m|r	)`|n Lc/)VATUwv<rAJm`\0Ed-Qq~zv =yAV˿\rj/]R]b93r԰MnAÆ2y            ӝ8V%ph\Z]Yj0_?\Z1g02n2@[jd8<DTcpl9OVn\ZaB\Ze!# Yq<4}\n)22F@sFFZᑐ ࠵@@@@AGN֓I\0IA%`dlRG4c`s^ksA83,.+-ՔBX_sH2K58-xY&OoD\"-/7\Z[MZS\'\0{ʊxyUW-guE6+axt=7ch<=Eu2[źj\\飪TC d4%qR{IkqUI\0Isȴ;N=&j{\r?ձcFQX:V+Ktgϱ	<T*԰8\r|l2^\Zg?cdfz5g8A,T5ְ5-iq>   	$dnasXޮ t!-ևҥϷ;17\ZO<0r\0JL9䦆\05 Ip\'AO:sLT>m{_QD`t֘h%+nUߪ#8Zq݃;SWAIMACOCEt6(b[\Z0ց\0\0aE{              \Z).\\ESI7uv1$XId{朂BT办	\'8i{z5dsIj_mBuQ\'(csEL5u&ꏓhj,@9ZA$rInFE@4M;$\",퍒8\0$d\Z36*C90U3-W,@T5d -?]:m~v28nhlG; ֖dҵUTS\ZI*Dφ:!yd6?wU[J_B\\=g$ALiz1zBҺFS]3?HyヱM\\w%54PGOKOb(۵\rh\0\0W\r;Å\\:t񩬤ZdaF1g<e.\rB5sY0[ ǀ=~$*#onܡ},53`7c2y=Ec-Y-;[*EDf~rb8ڢGQ+e<2As]ϞF	G%E$A GTrK\021Ѽ I*TH㞻s|QX*`jJHav!\ra\0g(#6N1GZ2K\\.7K^\r#|AXLtJ=,n9@G/@Q]cQV1\"*de#Yk\\\\	Emd\"i+NwM+{@cqnp8k*[+UC1\"8Bo2($pґtփWx:^aih..9p$`gh	$\0кkoGx`k?Z\"hΠĉ?{ǖ(xa@@@AS5.q=?LI7VP^Eqb&);$!4:żg4Twj\Z(TOQInKB\rw8O \"X m5\\uN599<xl:ji~~C\nnU>ǦP-qWO1Tn-6uE]lLr>-`8w;V@@@A|vq_UӨZϜNx\089n3v\r뺢;\nZ |j*Z}ކ]qZi&-iv2K|Rmc^QQ<\ri&-3i~ӂZVz4m!88q灓vXSPfZ漉N~F3Ъ=Ux--c+\'pߓAs9$нѸZ|FG#r\"9A`f3s\0{NGPyŲ{ِu(qB}6gsEWI-ڡ0m<.QvY줯q|8`G<J+d*#ݟ]#{gtRXAvI\'nKrqx7oZ:vov 8d]2@9U]uNOuIEV<hԤXpuZG[eYc|1Tzߔ(@@@@@@@@@@@@@@@@@@A;T6	\0{8LWWPCue55`8lkdhvck.9 ECJkil	MtÜ]KNy\0#\Zz;桎z4ޑT4.f38ǎhd{\\nR8\\܌ksdt#\nHt6͂EՑ	v@\0|x;Gj4Ϡ-lۖ2;r3;ïfQ=#у]YI-ks\\D讚2\r3g{fk\0ni--F~Ռc\r3_pH!Ŝg$JE׾i*%ɴ:X!εpYm;m}*3msǆ\0Or[+{@`hckc ́g8N#TQ/X+7 -ue_QoPJi[p$cFѴBQMq)e%TP9s\\hs砊VjKZg۵&Wmf94\0[`Q\\nMeU[S#5Up`oNqq8ADku-mZiXH}CM\"ӟc⩂\ZoLWSPRמ6vn8yg{9 𥭺Cg6QS	4k	9N9\0TVVX[-Uj3O}-I[NQ(qnv6cT^U_.7}QUjmT>AM1˜FрvY8#3vn8]bqkK9x#Kr|P@z2S:vT4PҸ9kZǇB*K=?Go^TG1цqON15ݼ+_;SU0@@@@@@@@@@@@@@@@@@@@ATUU\\Mkj%]P\"Ȧh%d`.H?xH5=iZn.UӼWSնX\'scn\ZrGf_k3WLpF%WP!p\'- dcsh&գ\ZMt422w9Rиnkxڢ~TZu,\0%%0dBFC2HH9<z.!٤􉮐BڻItA>4|q4\nƻZZ+tVVq]宖[){_P\0d<BS/4v)YʘZ]:FUN!/-#f6j΢*JڗQT\ZK-iO \0okzUR=Kz<IF12ڊtCt]n2ScO󱭌]c?DV8Mk	\'Aj(5toiP{eݮF:z	CRĲ Xu-h٦Ā|\0 Pct\0\ns\n¢滱63G2Il(ZѼ77:TqIpRz\0AF:622\0-8}jj+ݓTI4g\0\0G=TVv;,1کo6)xלX}-,8\09;Y~?r\'N/ܦzM+?&iO4wȷz&c2Ö81O*0{~W=:gnx.\'{>g|ʨosI(> ={X4=^p|@?PA-Sboً~kUzLjCV\\0DvAU6TW]-@3a:YJ(o>L       dss;ſADк<8\n4k%4jQ\0ʵ̫}U2F\Z8+|:|Fx       *+Qn7J`|}@@@@@@@@A a>OB״O70o_X                    U*ٹ\\MsڨIkOF\0AL0X:4t<JD3c*+TQfP<wPq=GP@@@@@@@@AsAAּ# cIj\rIڅB\Z	?)\0\0W?:kKխQ##˞|J\"6J@@@@@@@AX3I0r g߂/:3h>Q9*kB>8Tv|6T[Ep:*ȀY\0:\\EQ0/m(8y-2xEˆVZĩ.nN;y .v9y 58UtR\Z%D\0OE|pH c\"/k`ɋ-bR0PRY\0             qw&}nASZ\Z9x>h>}G@\\T\\Ȁ]>\\u         $pT          \0喱\'@@@AF=m>_5   [PV9r5wiS+ȘkVK1hwoQ]h8bQ2@@@@@@@@@@Aל)ᶟ?eIRӃ58#AR\n\\IZs\' W\ZIM6shʆ$t[p2>T\ZbM-]?Qn?Z#?	5G$l)ɿ0_\0.┋g]~5MH҆\nԤxK-~ΖVI5p%#WmuJ3.?mWXo[/ԯgyZ.n\rWT8SKGuȃa7Xu\rv)^zv9Ĵ1ȥ#r\"Km\Z;=9nVGj9 q۩@񊩘jR,_½~Ӄ%?\nOzE~ I\0gUB?po^;VJR+<@(\0TԤyIzޖ5qYp_@	v}	wAUim]-XAmsU.83.hw7tsIUXZE\r3?5-9os8wc8QY$ç!ż;PV}g ֆ\\O(g;^#r}@@$pQmo\0\0)syi(>$:P|-G1V\n\nTsvJ#Aw,\'K+9u$\\ҺWȌԡ4\0sdz\Z:Zȝ-L5Ή=-sr<AA=YQ]h+nWu5GyUn{T͎۞ye:ۭCoduU{)b9.\0yt14J`xchˣlF$^ҷK^!tk#<-q\\;ju	7r1c=5i  gzNdrLLOǧFh^r]iScԭZjk]M,C/hC(>T;Mkut&^d6`@1pnyAqEB5kjC1<A@@@@@@@@@@@@@AGN>               keEE-rI\\\nwse, P56k\rGW;]$bS6]m$J߯oָTWh.oǆ@x\'K@˯[^^}	v/&\r3n\01ϫA]Ai\'UA	TH$i1Y8AkO.P^Cm^s{{\n\'=^˱E%oӚvը-ڞ.C8,HƕGOY=Ahh&VzCٌKcf1rgK6duT\rMK݇{exË-\\G.ATk[TFfʧ.s,y&A0\0*-dmC}>[1U\'FT\\d̘d-wӪ4.KUvMo9!mzU7i.qS^f2n{ dKv^t7W>-GM3fT?y!<FC!A\0\'߾^Egw7|gf[3fї	Nߌ6jGky8$Dzo.VO\"pDNvsE[\rq\\*WRȻX\r]vSZikW\Z[xb\"2\0<; o6]SIrl|s^%`hw\0q|65^RtuqٝL\"1/1Ix\rKr[%U_laݧnNQz<ɤk x\rlo29$4%ޢ&KKMqAVCZ錭\0糘V85T7~SѺ4jh凸C1i`v1Ѫ)=tEf6WոwasnlnsK/qtQr%n7R|/2Fs@rCrzH?','ROLE_ADMIN',1),(4,'2016-03-29 19:59:05','erica@er.ru','','erica','4a7d1ed414474e4033ac29ccb8653d9b','\0JFIF\0,,\0\0\0C\0			\n\n\n\n\n\n	\n\n\n\0C\n\n\n\n\n\n\n\n\n\n\n\n\n\n\n\n\n\n\n\n\n\n\n\n\n\n\n\n\n\n\n\n\n\n\n\n\n\n\n\n\n\n\n\n\n\n\n\n\n\n\n\0\rH\0\0\0\0\0\0\0\0\0\0\0\0\0\0\0	\n\0L\0\0!1AQa	\"q2#B\nR$3br4CS%6c\0\Z\0\0\0\0\0\0\0\0\0\0\07\0\0\0!1AQ\"2aq3B#4CRb\0\0\0?\0:=+cր*:J$\0ڀ;4h@P(h\0$P27P@AIyW45\rSj%R}/t1|9vÏZ8`ZYӈZPP_m>;M\'\'s(%!,e.\rkHJA@\Z~Q67.?/o[x\"\nyL)?>]\rK\\ )E);z9ٶ-\0	BI`*AROjnҤ(X۰sWcv\\*$kx\'1綞Siq*mF7;\0::}!\ZQ:wt/pv m<¸g:Nbi(v쩒BƙQ?0ڽXO˄<3ʷw}^eNP`(o+om~>XP&q:S5h)FR;@}=Nyy	>j:Z>O\0i=c5^|1-\rIN\0=8Ҋ*#PhnZ*XM4H!);c6\nԠTȋs%*FED(\"Pn8n`; %?tvn`^ڕ\nG??^+qy>[¶c7N;)GS#\0yr}Oo55p<݇,/ܘԨz[~IrJ/VI=ʇTxʓwypX(O2T^l\'q3=ڂ0P~j=>>rZ2:q+KDHwsw֦W?1K0\".\r~\0XCm\'IG3x\\8_K|C6{[qهacGRyI k1||-5|hu62u^]\ZTPd̉ O5Wry{;Ǉ}\\3ڰi+)\Z&\np`Lo]߇L91˫5^-r/}K,9n_\0h[$tg]1wK^^-J4)Lb\ZeEw	|@[\'/?q6\nQWnQ/<oY3_7DWiEkcH	PZ	PҀ3ڥTĘҫ;\0&ƀJA$NP#@@b6\'~Z\rz\0x4bhjh\n}=!0(\";PjLZ	W<T1@P\0@(t@P;PZ}8ށJɠvz@P3PRf7kQm;&<7u>xi^YL#ml]B\\)0Wۍ.\Z};\'+kg,8垠Kj5	S9W\Z|BtyE6A*HbH lx,mwjEYvm=oI15Y֝VrMh_!\nmD(\ZQx|i\\	xYFz+v~Nz|JL;q6xͽwq~}gJm-ezLOzY3t+\Z,% ĈOڽ8Wv|OcٹZ͘-j	%o/qtxOM^<BB\'c\0$i5/]#t\"\nl	{\Z,tP2CbVK ,&~S3iIm_\0F	TOVVT$	\0)n\0H\0\06ڂ))lZXnuYmǖU$xĻku$Wq[L[^M\07uOn~AKY\ZYZe))\'O+7ZY\0&7q`\r?Kƙ)ewNAwE>-}\\5y~rϘ\'\0ӞMÊdbڀoQyrZ1v㨿ZHշ\07s2\\3\\)̽;{K1\'RA;&4w/ɸW@Ӆ//-\rq-8gd&g~\0D\r\"os)1t\'ll<]΂MK>QrӖRp42ۢ\00B\0#~+l\nŪP;	0w:w\0yٗ]GCtOjr9oiϫ.uMd(JOQu־\'ڗ;Ѕ\064P9	#۵h(Zcz3NNLI4,(B;PGcA*LP.(\nFA*TJj\0&`\0@@;Jz	=##P;P@P@P@\n=`44\0ȠJ\0PA`y\'=(@˶{w4>gSƆv~<6Y/=>~ZRdnI[%mʗ#1^\nJK-!D%RN`$^nL{Ol\rxm۶4S\nqke%c])\n3f؜h(n7hFJAPJR;3۸	3RapU>]CÓyv(Eݺp֠<@a<zwn>OζftKF6 \rDw3ק\nrGub}!˽QKE?ܸvWΥ@3pNt	\0o5⺺~og>2xFMmKW}JƟ]FIuW\\:Ä?ayki4\r+)sm$J\06xc^bGQ.rUwwp		#mvj8.uʀ<EdJTc{Q\0eB3PV2#c@@l\0C\Zԙ\0!MR\n[ըӼ6-ɘ#jHmIrBDH!q<|h2.:T6$\0Gtԓ>K2e.,nUuטpcjHÕ%<Sٜ\ZW,.56O:iK+;煳i:OSݔ>.Hc?Vr\"Ůwʗvm0{V6#k_O):S.V\"2a\ZZ;\Z 8n=Խ9e2ޑVNVm2aC~J҈w)AJRL.\0)ܤoI*OȝWc7\n[i<,fJLվKr6hKXRt,hJXKFR\0&DGm]%k];/鼱R\nԴ\nø;vYN\n+1#¿+cYLݳ2˺{׃<}{_ӟg1֓5&4GaZM!iEQHG9<M|DQ/plh4jk@<г#O)\"(LD\Z@PIPI(\n\0P@(	&vD4A\"LZjh#ƓP)\0\n@\0vڀ(\n(\n4\0c@hJ\0؊\0w\"xC&(`@&&hZOqAȺss_L,cX\",kۉ#@$wv>Τew/ƖI,ŝj$7XQ1#u!h#b@uU#\r8aKHR7_}R:AqP#EjV-Z\r2p(YĶ#\"%$8IlTY7Z\Zvos7.^pNи%@,&sWof7݋_~-.Cᤔd)W\\2yyq{#Kvi_J^Y,c[	R\rzO긧/X}ߞNcñ!L%攙\r/ZvH^ulW8:@XS	voKȂxXjV9>]ԅ2 Ϭ?%$LAhȀ\nd^7T\0N\r8dE\nJR\'d6)RA@ҋ\rH	\nM\r>S47\nWEn:\ZZR~Y2(cU;77](u)q(Wn(.eLY]FVOv۞=}N8*K)d*Y|Ód^_%V?d~\"}ضz~9sl˓X^`ړ$乺gR\Zk|꯭[ۮj.\04N}Dֳܫw7Js}ͽ Ԇt4\n\ZJT6R	$7nk5q맰zg)XRSuSiD)PL+z >[@mi &ON{\n迋G?36\r!69)qP<2+6g_>6;޼4#xKN\nK7&wT-\0E064K!K\n7v(^&hDڂHBV%}? GւIJ@P/?j\'h	(U\0T\Z[5,YOGo@ڀ(\n7\0\0)ހx&(EP:($\0dP:\0 gO\ZP\"hPdmZb_V>q~c-Ӯh­@A[|ŗO\0M>Pju]\"t7;+ps\\>C; )dqo^<qexTQ\'gˍbz;\ZCɀ7\Z_khѽBnM$*@B!Q۽g&y/` Mpǧ~<O~}{UE%ĸIR NA8]]:rcb-yMZ}*\0On$v׫\nO+8Vk#\Z-\\$\\%Ԙ݋8/.czn4JpQ8G֜qnWn`]QmvqMP`x4	=4ڨ4h\'uFY$-N#7RJRcD T1\"%N&\"O&N$`A,Rv\"I\'ECsf:HJ_E-ϒBR	H\rwZ,Ҙp!/7p`q/]qOyKK2Fהݞ\rsVZL/p=f9.36,c7e.ס`:׊xcE\nu% ;I؟,|.7q{bnY)%][vۊouu$w7J_f+SV\nsc~T$O`	]c펄cVxqH!(\ZB>`\"An^Ӎzww%-rϕIBDېH$\'mqaᬱqjmJO;)*B\"=_+7.ߝSŞy譮XN4JdC~Rkg+>rN^9ҮgM4LoF҃ڂ	jʨQ@P%\rdP{͝h#@(~@@N@*z(\'@P%A$Aid\n7ڲ4}&Gp({m⁁@㸟x@jҀ(\n(z$P;Fe@H\nLLm?caA>U$(\0cO˶n0DNB%	\ru)\Z:S<=9^H	{޳H#嘑u_BjQ!Ha*q5!Z\";oL)P\ZLoFohQVg\Z!E&\Z\"VWai1\'JYu^yՕzR.QF^\\=xv:}\r\\}On\npp>]NYӀ|x+fU-uvq1Mܨ6R۳$W|?^\0#[<|CǛiˀ	>T~SlvIP!oJI\0P<\0֘1(	z1\r5<sX\"Bj:`}ꔖ45	Zm-iI؞\0\\ѧym	Qo\"vgn\0ΟߏeUS~mcm\0l<@`\\1T9#bM6ԦϘ\n#AO%QCsT#Eq7:H:=jx2yne,Rl۞j^9{ݕ\nJ01jPY<).[ciR	wA%:q~Hݽ;k,Zla!N%guHJ~}pQ b[azjՌ.٤9r%,\0	)pl֓ػi^b<z%KqPJ  #r{6޺Ν|+&8ߐԔaM>Uh6Z2[5\'˯ᘃ\'o|\0g\0\rq_tޓ޹ۨ-#ߊ`u;V?zRh$@Z{PMD!L\"L?thU=ڂhm@P#%B(@P)M ɠ@P\0`oA$KAkArv\0 wQ\'j\0؝JgҁPw{v>@P;P@A\\P\0vk@DA;v&j/pIJHjI :nm־bpZp4ni6Jp+5e*鏏ox?nJÝ\\^ \'nQAB͍}>xEr*ynAJz7q,tx;Iߊ8RV8	 jucCr@YSXJBXW:fl^. ,	\n3qqܾtlIq<8͆OmZe\'jÖݫHKօ6)%;W[~ssx_%=a-p;_7sߴ\\!BmUۏ-~\0\\g3-Rz[+J\'7勌mҢGp6T!DLmZv=b[.0擤7v0(|iXq߇L3EŠ\0	=@?z5gMe~U>q7Ij\nI6\0vmTKM	l\"--(Oh4[6\'A3\ZA@ed4oA6l/THԭZ&g~|/$I}{BU,;]&jV\n$VljM7<&bJ#I	\nIRd jH	EV(BHIu.7ymN[3un$,0PP1@ﴏ~/\\tɼ6,\0ղ\Zh4D+ ˺j۳Kͬn@u?#۸<d\\GFLΎڷ70˃5qgp,~_Wez^Gh^L\'cH܊ġAA*A(&;\"	P(@PP#$оgEd \nnh>@{I=ɠTfxJރU[Tw~v]8\"Pq@@ܚ?r9t\0ހ怏j@<E1d|P	ڍoPcBvE$z)@n(}\0(oڠFQ/OǼ%\"r󧹵M[=\r]LS\0gR#eH;\\L%ob.^XV%haѩXإI Wϲcs5!\\G {ϵne+QsnI{Y#rk;lR\"\":`SkIތ-D\0Kd~tf{k:¤V25{GW.;f㔒	V<O^l[z2OzŇf\\oq2uL#o}{r>W>\Zߏ5g^),+w\nyJuZ.}ܟqt޴\0Qܦ75QvٝoKմrx4j#\"<S\05\\\0VP$[o欺bդAZ4agRvk6u_RSǃRܽ`7,3jq%(qjP\ny)* \'v5={Er^>-e puI<UeqOZ$\Z\"JE(sANoPh:G҃\ZҰIZ\n݊-B_kXsm[My͹	.4%\\,5&NqPm\ZB(\'r=cҬމ軥`氆֦p(@I$S!)A#hɤCn*Vu(OG\0x\\o꼯f\Ze#RC-!j\'2ulv)\0޵g0E\Z}+Q+? v<bHSu;KD*\0\0$G5.AZ@2O.̉⬣hJ($NP\"zA-;Ƞh&a>R\'oҌI Ma(D\"(A$o@(m@̊	PȠ[PjJ\r]nȩ<l.Fަ	P)(*y?@\n\rހ>\0\0F@tPy`O\'q4]wـj5U\nj>\0ނI@AIT*A=[l4	)90^0+U\0ºmYOTyyqvN]168Ve;S^9]e7+2ϴJJD}{+qGԏ.A3n]3chvܡ{Mj]fE&A#ުjUқ+G;oy8,twk&;z8}atxm-RZ0ԉy>{T˦=FӕVOwq^+m[RĲeOI\'+Y_+u_~1}̽\n:5a\rl=6@1X[+c>Kp>?gOmZ\'$+㵷.jZOwߚ֝֔Mn{}C`8\rkK,)\0VXeeI}*	48Bo?m\\IOcFQ2ӆu䄢(H wj.8ud!]ʆ<BPmģKINHA悕#a@ؠyi\"A9JJT\"n6(		TA]qqE*ROqU6@Aa!V6:mRy2ztƙjNh}qR5(p\'Eto|6a8tZܡrm脷$L|Y0;=fˋu䔭dOe	ӷdurl\\IiY	W&2gyqU^\"7R=-CN5.4B?pkoR>o,\ZթFEyOG?ji]4bP\'hA\" \ncP8(\rHJ	Dhj&#R47DhE ڂUj@PI&h\n\0z27\rGz\rI65<PuY۷s@P@E@\r(4=獨@P:`L$j,`QCh;\nP0#j?\r@?	h2%3ڠ`DG5}3uS61\0=ฆ)݆e\rEܯpҔ\0U:Js{/-ǫy$~(cVBp#7OfR^㬳GJqնi(r+pŲ6$UYhT$U\"4\0\'H%~];s\ZvT\rR}9M{;\0VU3>r۩\n7	F$@FEyY=LWO&|a[R۶JJR)3;sŜx5篏w[\\ּNی[!4ko.Q.#u>pSZa3z<oO<~u\\8W\rTҁv.۞6_ճۍ=չvzh7%{^F(nI zCdo\'_sDxrNСFo;gɎAb:`-Ti!BAk*%M8UwceiP{\0>(:·%Ryz~PM:/|18PXVPch SW\r8X	3|4 +߃\n+n})eJ@wj닎S)R5-.Q#s[IKn!)L8¤VݽmMZ ʖS\nU5M9˷/jUݍ)vC.bm()V pzޞ;u;h((+S$!I>WW(,]kqIX\"Tj<3h#MMv:LSn\n|{W7?x7x&ES?q{G)(v;fbJGzG@I#&;NE(ofQ\n%#$\0\n	GҀ;n;P((\'cA${P/>y4\n	ؚ\rUtz9VBTN0F(cq@ǥ@P\"h(\n@(0=E@0	p8t	\Z\Zn(\0,@$O<PdB\r	îƬl\\uJ\Zi)j&\0\0nI=%Q5Z%>snsicl>[\r)$m\ngW*c5f&O\\XqLZfq#J_gV\0ʨ?@lϹ/a9rZmߔ\'euyɈ)\'z7iae$DvP5q	i!*O\nClhΎ盌(Y53p|2}Xrxf	(\r$I \rA#y$	zqeeqUr?uc\'.իۭ_!~se%\nJ؂@wY~%[	^#1sibV#qkwHR\nV#e-d|~|9}>zo?1R5Zb\0jJ3_7˂]Zo۸aB*cC}{&Oqgj8\0\"6ؐV<mJ#o\rۤAFIႰ\\m6iR<v;qL/>TjPhM`>c-\nvӥ!\Zd:ۥM>Jq\ZT{ݢO!AӼDEtV姀Lfۗ?,n+:-3~Vad\\V,g]4ln	vOkuqISj2;G?_Mj9relm\0JJ-wZHS$yuC<&`w\r ˩$$$=L\r[pv\Zfncx;Ulnh2J\n{Uٹ[S]*ٜԄag	/)m3$wRVc-x^L3\0Q7Vu?9_.X#⤗]YYA!#$\nܮ8a0cEI6NO5gTbY*ٱ`UUA\'\Z	)>Dm@\Z	PPIDmhR \rG;$46(A\'zh$1@P-@#ց1&P(f;P<PjkasS6`OjAO@E@}\n恁@P&GyRM+D&@A@d@\r =55\'ͣx?̦Lu+mE\rV脨k/\'˝ww=~R>&q0e۷T\ZS4Ƀ\'Q@W2?)ޣp_:\'SVNMPr6&,RG̐!HRI%GRVSk2ܝV?,6זRViu[@R~d,}\07}<\05+BgpT	(#.ڲZ\"qKP\nj\r	:`A\0*\r-.ݥ,Sk.քnCX$p`;s^{.5k)O$+\rM,\n-)ZR	mOzk÷>\">\rp\Z_pVљ,K\'_\Z)JZ	BE=GqIxy5|>眹`י0/YX]9m}gt.[ڊe%@jk(ǑV9^]sIC^.|}Wg6[g,MxŲ\0^$?w69}o.nkMOq?ucT2nNbZa9r!OZcV Qa7\nF$Ӱ2|\0V$T\n	G;%96jv6VQ!\'I]_(U8EAG>o}NiT0ۍ]2. N\0jXDAP*eZ\'E7MU oA6B?x޺Iփ(J0@UkUs]NM2(a5i1RdI6nznXñF0v\ZRiT|r$Ȯ,u%VJ	MV\'\'h*ǻCd{et@QS@z>s|mc!bR[[8zvZX.;֟Rk3\0,}ᾟ\0е5}dA[	`YD(Ns@E7h&7(($hqA~hm*xIe$h$\'҂H\0mށPNAFP%**@=5UO\0f)<H\n&\rA\0A@W?@PRD\0 P1z-:/JI\0E\n*\0\0RS8?@ނaڃ*yԣHE8^DKخ33eZ2Tά!	ca&m1$~<*t+|-`]&o7jsرn/_kZUPДI:@D>y1z&3=OK[sƜ^\Zn%@+LAT>sݖ[	:p<\"ݥa+@ZBT\0$G˭ޞWe_:­0!V̬6\'ys#Q\0^.[vsqNY]|A-d\'s]t7:d;I>uNRTDv\"kl|V0e3σ32\\`Jwqk0smpTq2ld\Z\r@Pѹg,kJ݁39\\+ݾzy!P-\ra.)2 5G_pt.zWd[J( \0Wg<-|>0R_I%)6uh\07im6?k}Gv?O/Q[qIBc~**m)P^n2erTܙeN>||/CORjۧ*lE8++ҫ\0Bv:C=&W:pv|+JT:TyLF2NV\r\n͝=mԛRTp7<ErGc[O\r0~񸍦kѽd8t\0PĨG ћ4,k\0Tg\Z57Lw(o)}}iA.end3MCHl)O۶4Yt^jW}X6`qVڂV*eC鷷nV,3^\0R	i)Ɠ;\0Փkt[E7VMԔ5M2q5]bmf5LQJPH)\'&i&*X-ka\0!K()P2fOh=>ޝӷۻk$q&uTL\roLs]ec5v?FMaiK̠T[gDLkO\\M(諘+n1/Pu\0Uvv\\67*rg8}>^_/Y8<㛱SrYSܒkop1*$\n4VuD\"\rhAt!B( ODm=܏A?Z	PP\"܊	W41Fo~DhPJA*=hށo@\04m9P}(@} w;AKv\nS8@PPr(P:iށo4b@]YhGa	P4h(\'O4\09;}*;Z?䍫;];o>|t6N_RJtz\nBCR$+1Ӿ?z⡧[+#-YPҲ؀f`N9=i=\'ݏxcvt:Oo^g5K%Օ Gӹ4i	,l]Pqur\'˴vG ;\rbź};G1n&Sgp0!;<2@mO:c~˫qq\Z;3r0opZEl88\r k.?<eDB#v\\3)\'U[UCAz\r\"F\ns		\0w޳˧vt;XjZB:\'p\ZAxr]ׇc\'vKn:I@@\ZҺpg_wq{폭8XFxf,>q7~fԇBР:TANLo]I\0߈S a\08?2uظ$er_+{sq^]m|L|5|7pO\'k54w	-\\켅i[jI[\\nχ(>x}}L-s*<2\\و\n\rN5gn|>>CǧuGž-]8FE	*%Q7&G((kw&%`\0$c\nO=ԬX6\r]J!ږ%rA4H& Ν5d:Kg)%Z6jm05-Ѿ?4m$zԚer/N:ZuwZsXDZFի,ÆQeSr&~ݤmy>ǂC\"&;ШLwHͧ|lvjnFu\"$Fڇp;qZ3q\0؞\Z[ϙY(W7 ?m<-;!tۨvJ`I֝Aޒ5|9~Y%>kt1;`i\0r~sW۪k\Z,r\"ŹR\"H$\059~d?#2?oKE/.;ڸġH%DX<&<slFZ/gΩx\'fUX&:e2aCLJ$IYxxpۋp.:=#K$fDmQ\nI;@PIjSaILlEA4A#A*A$\0 PIKHIwjMʕ	$@LJhmA&(P4AD{@T(lj_AS)v>ڬҠ;@Ph9z`P:*\0(C	<ړ1w^L\rߍFPPj#z\n	WO0wwY|<4ē፩?2@$3-hOzte{>_\0~0tp$XM4ҔS R\n3^^lirn>=xPsZ!n.~YQ\0\n_gf8z;&J	|ó]q˹B=Zvn]1qWT]>K1SEܯYx.Q.F_~_Xb/Ӽz@\'&l־R vC6K;q^~\\n7ߏtgC\"f-^[\'lߟwWsçq;6DV6B$kOEmy\"&*^lj$۱]jCA<qzJYWM[ƒH\'ڹٹ\n!/@pc7[6Bb\nT\"~B+ɿ/Mc׏+X0tvEǬJoY	xV=z)^+&h(qD\rdkbxqLA\nǷ5<&.Ӥfd{Vw]ٚ7vpڬ\'nz]ven>/ue6%I?uQ:\\A=o/U7W2fǥ/2eY=!9h֌w&-iMJΠ>OI!*)^9LOKW8sL1Д[ %0uI)#}/;]:VpbŻ;NBSF4Ȯ1OL9tfeI?Ja? 2=}`oc\'Ooi1T<A;Ijz_M37ˢ<jx39\ZU߈i(yeB9	c\\yφ75ୣ[9k7t(#Бڹ南	L|e¬mͪmH*AOdmSyzÇF[EbyOCc}8%`H]<{o٥m[/\\UZ2UA\"Iۚ防U1;<dm4[a8m[{.n%%A%rd=><ܚ6n:fKݛ۬O.sb7ϗ^ud-jVp Exq6Wy TiZbTYt!Iߎq{VSbHjW}hDE1	Rd@}( \n	TCH\"87!4Kw\"WPIT	\\%C~\n(JA4\0_zSZ<i5o4\rH@Pj$7ހh\n(֋&\04]\n.11PHA@mAD\0;\0oa<\r([P&\"I0lƱ0&Rյ%qJ	J)D\0+6뵒ugr^s<u2y71oyo\n]Jn+Xqx\\y\0!x$xÖM(RFѰGpܲ}^)1|ɉ:Re D\\zk]^[j;*A7(#Tε$F$ L_J5zNT~p^ʟ_\rWYS0ܰd;;Y\ZNaP4$KnF%.̨q1cɌ\0ھtu7&f[tD.SNtR3U%mw-<J58jFͩ#`)HxYɧ!3C]wp4$zVuhf\\,1%뻹:c\\YjscVY͖8\nņ3n3ynVAԕ[|_C5_2ˍlVJ8Q;הgP[*lyx%xyg7^JԂA*l߲T	]zmv]E[y<b7MN=N/pݴ`גN\" ~&_.ЮxS_C1{:䩵[\nO6I7UǓw_Wqvew|\\prUk,:LyMP$Eց%`W/7~j}\'˷z̶8\n=@2\0 a5Ǯ2n7k3{\ZCt	ӞG;[u|7࿫\0lx蕭^e%ZI	RviqkXߊqg3/I#c0ዷ	[ƓCmBe;*AK5^\\}Fs.=[L1\ruˎ\Z$ƣ/ڱwk5ĮKRq+#S <;Ke_u<O	^8k6ŝgG:Sk;i+_B^zC`MܼaEm\rn$\"y3M:ύ_gVS:ݔ6x]c$aıA	ot6c-zgo\\S%DWWI$\0%wִ!\\mO\"\"@TI	BEA\rP\rނ	I#}(vA;PAwDc&@F.@%\\J\n&LM =@PIȠGP*+[#PGz6YjUK@9Mqڠt@PPy1t@4\r#ڂEC50;U\'Q`\n)\n\ni@$LoA}րy8;h-\0;m\0]\0gu]jYx\'8n!l\n\Zt iPW\' |G|\'~\0_^.Grs_2S&H)˾^g5AKڵ/~5}5a~뮒8ksJCx뚬TOqچ0I5ҘqFjXX--6]a\rFʰK\\Ju\rۉ-<)*\"9\\n<\\oWzxqTw.AV\r!)J	!hQ$)\nUܳ6LeWlÂ`X]۩J)\"\"˸4dEf,Ý\r%:;c(5ʰ	l\0m8q2(<%cEeJh|!\\ &vGp+rk^_]z	ֶ1\Z͌F.#J|)@Hzg@5r>&\Z_<(1WMW2ݑmİ[1-1whʉBCDS<|K|W\\dҷV?)=kd\r.$Di;>UnIq	˹;#ڳ|V.8ؑ܈F\0T]ǎ3x9{2>m-R>cGV0z5s,gpy}po\"$tLxO&Lw+NX||Df80Ӿo菐\0N\00T`B8y,/_e.z~ޤΘ3ߛ\n*->`xBWy_5FͶm]ݥlӍqU:>{߇o]ݗ.#bCny6\'e?֥\'\\Y{s·L+/ػdHqyh@Y9Ɏ	;NO|e3v9pqg];\rM%ɦ<!^`/\r9[,4OJQ@UK~qK׌]hca_ޮQmjθDgg<e1ZԬwBM97K -&d	H씁ھun<\'THLIPbP\ZJL] UAB)j	\"P%&(!B{v A*wA$@PI3A*LoA&35Gj%j+h{J.J&h<ĝ$\nPO;h\Z\0I\0dP#Hi5g*@ޮ>³{Wғw1S1WSa1@{8>Gj\0P;AC}JLzy4;QT8 \r\Zh(\n\n8Fb3cTSǇSqⰞ1Aۘ~a[*6\'o5\ZA֤Ǔc4r~˽Ȍ^\Z>ɫ;kL1!J4(J%D\0|^[<<RNr2b/MŇU+SΒwiۺ㌑8+]RΕ\rMm:TNDEjTdMcdo\0-\" \r61~+QR\nvO3WbOVBL\rGv|o3F\0\0>1{[gW憓)\\60kLARu\'.WqNl:<4__A6XaJ/0Lc:q!hZcƼ3)^(/4klۦ7%I2ũ\\%V*J=Ě5]fS岂R#h13t_Bz\0Oo\ZNΙau_F:xU!i,H\0IL<sY/o~\n:sj.VKQO\'W݃|u_\\gBwࡆk?=Ł?uymDf\\O?Ҿ}\\a752 ;O_>3;jN)*PRC w9]ak*`.CK@\nd$D\"8ѭ̬o;_.4qߞ\nʂ$J)lJO,w\r(-푥:sA? Tr+|_Þk׾%)to@:3=ԡ&,E~ٽpn?2e\'bk\'f9cqo՗:׊|gݮdVlu#9\n\n+)ʠgWscyzKoxoB9)vԴVto\0vl]s\\Oǰ\\5rǒTLF#>\raŢrá%Ip%IyiZYif嬍fl6R\0HҐ7;FrHϑ\0t\0d^	%I(H\0PF~ca=S fFop|.sF(l!Inr^/Qcy,xR/ΑUЕ{VkBJ{	\"{\n$sO&&iO*)?J	ށ(1NE(@9NނLqAs4`Hd$qh$j@(h$1@P(\'qA\'h\0jV\05j	\'YLO;\02x:PR@<\nPP\0{D06h(o@EfQ\'j^Ƌ;EX߽$m\0\07h	6}(2`$O\0wÃmTb_W:΋pS|et,T)(Pq@DK0zxx}u3uˤ~zkke?\09:Ŵ0?,HdY2TJ?3ޣ[x o.^]}dN~_nҼ^qqO?{qՓm[ȷ\05n).-YEe,%+?1}\0\'.bu0_ZZ[$)޴/\\#m_Ցv\'Qҽwn\",9)r`#{+O[2\\|9\Z[tX\0Yp)_*h)8#Ş\0\'q2\0?\0⫤YT1,p\\\nB\n ǿ/.zW[qQ<U2sf&ӉHA;Nǧ)]Ԭqo)e	YNOnk5/^]SK\'VݍuqzogX\'>.2;y1۾q?}EˬNy/1zJLGyI`l+O\'ھ\'>?Aqދ;e\0ݠMz-o褕$QW&<|\\=៯XE{i%)ԅIP ׃W3)^#gnKnRB\0\0R{kxnrlgJҒ+7;סnꕂn	RwI:h\n8yyvƝ	+A;~w\0/nָ|ݽ.T!HI\nzvWxxG;ƼC,;O.)*rX{N89,\'/</_?g+\rxi³6v<eׁ8\'Ct#؏C_[ep^>O͏͓\0\\!K˕\0o$2ܘT-k!)53b򽷈ֿ{o~\\bV	Pn@%-L۶hF}JrٵC=R-p`Ï9yzm4$:BPV\n\'}9ņYuxO^h/givP[OܤR,i#PԠ~@7\'7/}\r`ީ咥I$\'kI5\Zi5oA\nOcATA@	*Hl\"Ԓ}{PIۓA*A\n$IAZ	PA*ނ*\'%A$1ChW;\n4A$z\n<>xGUF]gV߲~*_ jk@x1W6ڠ|҂{AI9($o@AM(	4\r1;\n)9QNV97A[zXځ}((\'ytx*QAsF^*[0.,\ZI\np(1bH\nx%c1_\\ͽqmmX6VxciCHЀܭO>[xۖj\ZΨr펣.jRTAQ2kG6R#+KtXۦ	R+7eHQ{Un/\'T$WCH%OjJ0{1Ly\'c\n5<ִ\0ْ1oVPHkX}BIxrϟ͔`MٸNY-.-$v!P\"̍_G^\0>c{iӈuG\\4Ts^؅^#HxnT!7X<|a7x|XmkvÍ-@VoDՏ-5dy<Ak<k&2n<{(c/.\0j;@ۓՏ:[w-t޻M8]|EؚC\nXEH2׾|\'uץ\'l1\0zjn H\'a}JɏmKܦ͜Bղ\\r~a\"6#x\0~S\Z9i珌_vXbU%\"	Չa`y	RN\0O\nǛsqܽx7ZnZZ\\T嬮RF*\">i\0R&7>^[t\0㘞WmއA	;@\ZOA鴷v:pL\'bFoz2o\ZmoBךPSn \\$\r#pwzeVۜB]^P2d6⥿-bVu7_\ZSL21?JՕm\r0gi/2Cҽ>-{Ǘ3,9gYq,Uu7ꟉXW7ð+\'Z-?C`}ρ89o~QĿ@VzRl\"m^;x蒁k$Ȑ+\\˗uW[C	2/%<PlPJ$ܬ ~S^lr=~k\\)`iR0+\'p(!@E.84S;Bb\"E;GȂ#jQ~h f7PJ(1j\0	\0*	4dh%[(1Fj#q:I∅s4@#@ 7JTw4(hJ h\'YFJPKmsSV\r<@>{PL7	&Yt#OB\'Q\0pt<F<f$PP҂(,x`ރ\"I3LI6sP})Dz~\rZ2	q8bq9e(ulyKCH$K	yeqz	f\0:if7Z(BvHe#J @ڳ80K2>\'pkktJ+iY@ ;;MqÎ;pr[\\]y:JK6m!#dGm@q^K.㪮1DxqcL/\0NyfڍZ՝vT\0zj))	۱ޒZ+ydO\n&n4o:F@cҴni!0Ih-nN3[VbwK*/w\rtRl-#|q|w{#gV0׈^g,xm2{j($$J\\p);\r&+q^>?־77亝F߀ÓՎtwm%\0yWJ\0AEE+QHQ$陈W~c_ς^Y\\u#;Lmno0ּCi	ԵZT[JH*ui\Z0GO#!<STo-[ԒBF*)#AM$=}^\'qs^!߮\\+ugmJ<Ip_S+{nx&0ԗ\n#y9G75u-KG\0ax֕O6\Z×6ޤ,/H%2s޳[\\p603vC>YG+UYy7nO~^KY<s_wǋwoysSLyJwe$Jd w;os?_t_E0Z*Zaq%Pi&Fgz]+u%9{vtVV6IlZ8!+L\"d$F\0>nz}_wꞏc˄YZN 2u	۷l+˜j3N4Bu=VjZޝaWav6dN\0\0Wq|	5GWxyl68 ;\\_6>?7WO.mQJ0N[j/\ZRA2ӋX	V*zqێ=8sqc&ׇ1bx!qx\\-dն&8\n\\}Ei$xPbP;h zB殠	ENJ 1VAIہTIjI5ND9Ƃ\"h&#j	^jVh!CBh!PxMF@4O@A1@@HhځڂT#jP\0:\0@;`tP:\0GzC6.QѹT&p(\0$wւ=D$[QrOݞ>#Eel?^̛xuŮؤjBCa)	ZH=x\\<wy=_g^cq[<~?$^E!PaI0@ZO/6_^\":\'<xx~//1ylێݺ[q-\n	DkSqw{|ѽxWZ]++l/3+agS~cNp6PQ?1<>ދ:hqowxsflL%7+qArB\0)Dm=9owq⧭S:>.%\0ɀ	;v&My3/wo%z\nLIc2nǖ\0ROjϵ[6?{AUmk[_\\y,@Rײoj*J>bdw]:@czz[<lgsNvkRÍ$,E@(!KtP\nO^O|>S$ðlǉ2X-HB%N\\\\8@RΥ)`O	&/5/vwviWP8Xt\0Á4-^JS)Te:@\"5\0񦇧nȹ9{VV-ˇ&fe7c\\6ߔJRR?hug}xz:\0|oYϪM<EypҊeRpP	[icO+X;nwMUK(Vq\rg$0Iq	\'QR \nf鷉cR)5-?OI<\ZJ_Y;zb7pҥ޺oD5ՕO^ٖ^]`Wx4_k7Y\'LUN??j|A\n&7bYliN=\r.l0q+&իD\nG%BL}t³FsnpĬjJIW)Ȁ;zs;&xrootRAcfÖͫ[gB䙝^S\"7Ҽ~k9_C_wf˼\ZѫK͠h^ۤ̀`2ɏnҼa*K++e[pum\0#z4N.qT.n)*JIyo];+{,7[hJʤooJ28w^Kx\0.bi\038w\r6ƶ)!\'}$=i??$ܾYRqR$滸[oQ5-\0\'liHhib@ڈ¤bPs?N@欂TW;gbT7ެH @mTJɠ$vJ*gqxƠ\'	;!Bh 94j	\'~#ڂ<	PTh!|c#~bζD#ڂ@E#n&Pi=%[mIMF{VZ\0&6tTv*$ @\'j\n\n(\Z~m@ǥ\0AI]h\r]miLwRiiOd4Mq`޺ IT}YSpվ,m괥HhےG>6wk忂,~7UJ{-oE^ݏ?=~/1䶼{4J֗ṳ̌贉zk;{ټlr\0~22~YK8\ZyХ\0	\0wI}N?n5>ggʹ\ZmV5?;e-8[a{l):Yl^l:v}t/-uAo8q \0T@@)\nW`\Z㔕=ӜGzyRūl].mI\ZTT	\0\rsSWxoDn+{.ua՛QqJ#B޲%QXݖc3f\0ۼӚqJa(B}\0׆mhپ7\\֦_t+)uf7\\˗Ԅ3~I݇Ρ<qۏrqV1Лw]6y.\0\'X>>Ul1a^{3JĚrLPuQnMg[oZpRx\'i&\\w@G7mYqq,Z~i%˛=RaDQB.yj9,.Wė\r,\'ʙ:źVu8^}\r)0	-}<1\'ys||9s\':zixjnԾŃjXaGnI$&mu	 Th6ޮAjxDWԏ]bwOqk4-7JC8i9%Q(X\nP/Qz[>1<ψb~-V87dV<dyjil]%!j\"RwΉuv5rv;<3۩K߰B8P\'Es>)\ZO 6ʣ2?ENKKz{K;0F՜O=%)(RV=F7,wNe:Ιx꾷[15¶c9?Ǯg<Z.c45	UΟ\\0f|Nam2]֠kh-:\nCqb	&&Nӭ_g}F~~.(aIJTPH\0EznQP\'?5BƙV4I*`R\\D\Zp}Z2 boB@С鏔ci7Uz}TP\"uA\03\nlpq?f!O%J#\\vT|H])z߃`CM BR\0YI|$⯨3:u+8`X8zZR[A<kJَ3eʺل4sZcL)lT((7P5G|4Q;\n&~eP%PB\'y$&a\"i!FwzDx⬐(ҝ#~Ӡ6ڨƮ3;Aqj	V( mA*& 	<sA\nyl8_\"DQ1=f\"P(\0T\r\Zhy\0JޮIjPmAS \Z`>@4vP1?YtzI1ILڋ7w/\'wG֬FO͌]IQJҙ j07R[z禟ޯ5kV{{Tcjqyol!Nyyɕf>wO\'i<5IYwO58ͣ!;]~nj>\\&W_	xK]NK^ M\\Zaha	*\r6iwjH֓2xқPLo^qe +YRO`u\"VuGu̿hr@xԇUmB攧N_mtj=VlkAY]]B^i!ԐD	쮔W+2/2˰[aEC	Svj]6qwBaA)!dnxDAtp|~[K𖐄*7ih#@սf#<ydշ?؏K\'-Vt6P]jMRWA;H5嗈ָ3]O]\\Nfߊ]^R%`\n%F OzܚsuƜa)p^Z\r庂QUIN~]>Zy:?i<raPAcVܮMz\nM bcQ?2~\'9w/U_a/\\B!_׋.<͎sqqP\0$wviY[p(SQsoÖkY\'MgZ1Q?岋W8k (ʾX>\0M&>+T\0hkҿ/<Ӭ!\0#ah;ض5>ˊL4V&Ez,x%~Qqž)rʐAK$zogZui;;UWkS3L^\"/sywfXZ]ڒPR4(>bh\Z>;Y.Y\rDLT($3,o9KXʐҒΦ@=zs\Z{D1<WOqYk1#SM.#W\Z{Nwg?\r:{m0k[-FiA2i\0FcP%\r<-H0v=7EsR_a6ʹnRҁZB <s.nޘ=lB12X.rF@OLӹ²Q2U]ƙn\0ĬWiz\n^aV7*5ɖ/,\"/L_\\z5Vͳ-,vҦbOWzS	rۜzT\"[O\0SOuImu]]oomn\\\r+ZBR?x*Mٌψ/JzN<saSVئ$RCתZ+B\'k`JB\n58xm*}Жz}81	tWi.8^On8;Eui\0i7 4ǴWLqn\\q嚭El#;*fvuܱmopqlJVޕqcyp+fs^{N%k> ̽>H%V		Sȴcs,\']%O<6\'=4΍UX#x1-3ޮ+PA*\nmMA\nH	 \nւ2})P_4yh zPIh!{4D	#xƂHPAPB1AfMi\"U1o\Z	3@PJހ$LPI$@VEi$m<5AJ\n(84 j	ҁodJ	#cE9DկHúG,flɋ,%KQ	HMM6}OzT̖XLlBCG%G^u`e?)>;x.^c}#zW-\\UkY7*ʜr&\0I\\\0fӛ\0\'-v%O:@*-	ժcb*˼̛tVvp+;=e\ryN\n%BA*RD	=ɩZ;g	[]()-PޠD邙4Vtp,qm,GW<N$q䚭:<up_/k#Z0H$m1A1Lww>s<$>e#JO%DOp@^!k_ܵj*# :A W+QcDk-\\~\ZͰSkanHCH\0yre%VQr!^\Z	YPwg{.`v6ǱaX&#\rSʜQ	BTQp[\0৪L3\\U\n{A۴X8~SC҈\\i0@$Vy22[1ref/?x+$q;rR?ÛEB\Zw\"Efz2kObVtEZ/[($(1VVnnϳb-(Ű˛O1!MuT\Z]fRqǮ5\'eT<-eeLm46Ԃ`q3ữ(qp.t;7ۼmL%ǃIIS4zXŖYj;1u`xxZ<:KYK8mz\Z#x\r١Ѳ[ےY 5d>.y{z#ð\\s.\\N7Xu틖ɇq}Ң&/]pǯto0]tL9ػom6,Ltdj/N.S1t{8jq^axDm۾\\y:`ˌ@ҭ	:Nc	]֬3?`Ieƒ廊Y0Os*#uyȹg/l-i\nmL۷<jMV	e9!~#>]EWxŵʭzW^XY~S®۽nYi$>mVvycnOei-ƼyΟW3\nK#N\\O%IQ!lbcO=1N*Ǌ2YfZNKe{ǤcJq%A!AI\'0N	;W~;8nՑq\07lbZY`#qyn<\'0Ü|G	)m|u^\n*l~dMy=^Gry¼l{˙_$=@nc²jWYi6J)H)D&;=Y|&*rFV\\ݫ2*Rv)0Ot>DO*U_O7|_7˒xyNiP\\Czkr^%nj{k>9\0MBʦ[*MfWHaҒ)0kiq;?*/<!Vm-m467 	 z$z/9˥`^\Z\n؅AB\0ʯ=EX\'ߚS]J\'j?֨9?zdTJ;\n#dlEYAA8sA*aA\nAA&O4K#F6.{?ZGT PI\n#@\0 AX\n`I*5TY\n\0oAi3i\0ZA3ʕ`$_xp{>k˻]X. YڮB0SᬮKnF!tKp&jnGHstFҘBN#gqՇL:{{ek$&ȻevËZ[I!JeF`Iy;ƟPGw<\\3aq$:&ZMʂ\0-QѭC2.rY1KFoHAe[Ͷ%<)CGr\0\n֦䎷W1\\^-ZΧÅJ+TOڊxn}e˕`{Gw.*|$sA9$z\rvXxk(IK-yH@T)XrU欽-XW^%&dOלew|:ۏ#{ݮNI4mu=j\r,()~n:$	RK4CxVM2E0>~.*VmQ$-[4%CyĹ2@{q^|xÏ]Fź%g,laH7%]2p6>5)H1˄Ϗ\\8?s_B­0ۖ;.^QyJQ-P!HRY\'mF\\Zs,\nk;tż)-/A- V_%sML/نf7L=ۛL\r\0n)xҰ4&S(!QqZg={}#Iz?_3Ցf8rD\Z]@RDmXMq7EZ7,w,bIw$))(:ߖ@\0RJwN~p2}_G2ftxs*d̿n37?(	[kBZIZps}1ə8=V 4QVT@!||&~6.iԍ~(3.b3u%|MJJP] 9㟄凗nۛ42T	p\ZtR?2\0nb+L?,g>5Qm0X=^S,ᮿvRVJ4,,0605[6[un[;kNԍQ%2$&95FAl:Zu.%e:TQAYV?+qnOZХ哩*$N\02{$FlT%7(+LX$z⥚WۿFuSnbRh˸$\Zl[yRo5ዹ|Xv5652}RcÕsVol3<\'xeiO6BG33RT| tŶa]V^BL($>mSrq=*=n\\$(}R+7/Ƿ~t\0guYf%$h	TtE^yY,c/c6i[7mI}ڵ>u\\=#1~e/5VU!\0^ZIElR#T	ܽ/8n^,>1u:ͺH^r}F֥FfTAֲy z:Nڋ\'~/3?c6إC%֓)&Ak\Z.zG_FaӜg\'٩8siV!,1vѩ!ˈ\0Lk*x1\nZo\n;̚N+ڗMj՝OƢ\0ƨ( ;_h!B;![!SA|PBDIނ\0\0J%ޒx1MFH1l<Qh&L}h$JsڂU\n4\ns\Z`\0aI5Ah*@ҁh) v&ғ})Y^esŮ͆0\\qʑʔa)\0@-Ӧ\\`<|#z/Ӫ\"-p[TY=.0$1@$캳c>i\\/vx-]Axbo.L\rJI<p 	$&MZY-ۉ8R \0F\03#QdT1C:LIy^Q*_Lc9g6flmLq|h0jSjQ?T<+NζOlm֭K~C	P DwsI>n1@JVDNr09p	ywgՃSW8e+LG\0泖REӒbِ9You?ZGG\rߟֹLn}e0\nqN(k$$]iЩYI@+a1VM&Oڵ&\"csK͵+mkrq!J?D$ӊKˎWINM\0	jՖ[.R$ʒLI&w{ymo],e+[#Lah]\\zNݬd@R@,vdrc|,Ƚ5634abuk\0ĐRO\'CIknYee]Y;$u\"؋׬7e0!ۀ/ܴ\0J}+˗~\'&krFzXǇ\\Axo,	iLDҀDsL9eu	}UpZKkkYx hm	$Lr-Y-g\\E,V8FŽQ_d\nYPP\\kFHLyӟ{&O\'`6}41-lB,jyO57!r~v(}$H5ݤkRpx0N-v휳awQ\'RoɃȫ&fR?\\eq-\"yW&R{BA[qBS0B`n6w;\Z]COoIXq)amp!!RG~e?,֞=P%W )*JGLdl\nNbΦBp|Ec֮SR6\Z\"uMEthV\Z4;LCewa\0S֮ۘ6>n8Ւ-1lАf	?ʼka7;W5fPi=ls\0y}8[{j᥉Eb\\|ulla߸+N-!!_e j@&x,%p<kdoGL---1$ ;JOs1]q\\se]⮵au=E6mI|A7=vm_yH-qLp3\n}R-Z\\Zr^gWiGpwk1Pm~Yt!Dj_\rW\niwf>2pFc2炋I<fP!VIQ; vx}nh(:U}rvct;\0gH>V >I4hcTf	Qڨ2HX PBڂA&ۃA\nZQA\'sA*IFtDEBF~Rgj\"M*9@	T@s@HdPZԠ>@k3*:0DmS}[=5u;C@ځP1A`zBds_XgH:A1QKhջ@w/@2\0-owG۟zE?X>M3NkW,hvq,f%E)@8@Z0qw˗\'/\'Z`w-9\"N]j,	R|Od	7zoWY̴1mW[BLJ$a\"K~\ZyO>DbaGqJwQVCy;Tm/\\ug̒ \"~\\[Z*Bj^0fu\'%pb%ڷ*X͘UeW.9;~|\\	)\nB@W2gy)pYonnFI<D7@cW/&_|ַ\\qeJQ($}G\03TZf*x`+CY_^7yf旚X[\n<%i2O/o<Hu/΅q\Z]\rf&;azd4iԑ?TnGlxgƼbrQllpd7x>ŒnMˀA\rV6rrM<?+:_,e̡Q[yW\rz_-l.)4!J_\ZT	}Mc8er,=O/\Zn8:אƟjS>:)[,2W\r.q7p-0_Z[)[r~jmKǖe9[6/yo*`/ܷb߆i@n\Z\'e.GͶX_>Y+E<8txl2͝\'ظ+J,:3YݛgKñlV5UM\\J3RPI\0tVo㶭(1u/^Y2)°fmS$/:T*8ڱ=62[>ZG:f}c6[:&j\rOh*W|S;n5eާ_(^lٻh\rpJRA}\rO9vW:Zۅ\Z+rcx,8ޜx3mEK3\ZF\n{ѧܟ#gE~׬\ZwSP\0k29xųM(_u 	N_^<7\\ކ\\?r!-O&oS<meMw+H(i1`w{4֣Gw.x}+K\nY`>{w r5Rwkx^~Ke>[⽞75wMpa\rF\ZH5n=⛧w5iU.HR!\')^SݏO^N>Z3I:fg\\Ӗؽ\0bxkI\n28 Nʓ\\%=V}Ig)ᣯ8KMw	q$>\"P}k0g׏UiP]^b(\n\reۂxr5-/L^&+6a֛Fap`I?MtnK6N`8bp-FK&eߟ]zmnթ?U\0?.:@;\0\Zׁ&{w$jP\'4J\n_#MW1ڨƽBph$B!\\\ZjN6A\nPcWҁz	ﰠ%oH#T fzOT\0ʀ?.	ۊV]5\nITK1j=7+_\0\"rhރ\"D&OwU3nOx9~ݖۦV0ORx\0vM᏾\'gG-nsF5nn3jiQJm-\"ݢX/&9~|_պ`60l9q\'KKU[!PӧQ:r>)E9qK*h\r]@2O̥nd%)N\nR<[8Ҽ8V[A S^ߩ{]+FRʔ\'֟v5,{\"P$}?zx5^vq+ʰ~\rg.srgj9jŜ6xHݰL*A{{+vupٱ<IRwlT8Hvlӝ+ Pjt(z4yFDU4wO/>\'<3eޟǭ9˸6ʷu`n%JAIP333/-=$_×xqڱvj-%\rµk\\S+.XMHmxnc8>yf%AKj|,(JV %N/oy>%\'#FYmpW\\ܸ8ˏ$%Y%X+G)[N<o g#7geRIХ1?0&,%OE(tybf{ke]M2m١w~\ri-\rպ{+u\"spI>[<-o.hE1{ꫛG؄\\2嶷7ʈ\r?1\0\Zݬ~[|u+Xf5c8janM|Uո/1n[d,)9/߄xܤpNxn	l*3h7al8UyK\r´p\nm5n9e>>xDH׹}_2bX×iE}KBʒ\\l6-n]Yhzi̻ޒڰk$$A p=tԗٲ+38[7$S\Z~i<WLdn&|	t,EmD\0I\rq(	o԰91E}5ܿҟ\rD\nmҌ[ymiCBFTA\\V|F.r>wSg!z7\rpͫp\0	4ct(/\";l\0gPʌam8D{rq߀߈:7/Rc֟$\n\nWߝۜ<.|wNЮ[猌?nAAW}xu;gfXh|p5yv>]82qz=\0f|[ǈ{dO?ma\r%\'\Z LO+2zq\'FZ	2፼q&[2 `;l;*eIHZÓ翊|j6ϯ[(aj0C<WwOtv[\\3h05gi\\FmVAd+PRͶ}ĺu.-qgۆ҄KZ~n\'Y7NS꿏>]_82>	,RڃDˇ[JҞ+9O|r^o\Z44; q5o*ړ$ɠN\0j\Z6A\nU&T\'y=!Ph!`G464M7+aU\Z&IB\n&$ж4D\0h%[\"\'j	wT\0\ZTAwښ+SPAK4\nk&	vU¯P\0\n$I5\Z_Z]Hsm˶ҼtF\\`.3wmse8sWu/3a8K^b[\'[4A*=>v3J?Bٻ^C^ܔ!d0t\0\"VDjtP/qbJjTj|7XߚQJy;kDk[Fʉ\"I\0{}8\'$I_5?:ip!W|A1y2cq6@v\'O_0^2\'hyE4(xP;(ASPDphwނd(\0؍4\Z+!BvPt{ŵ{ix~ԹhO)3 =(xvFLXzbHOW1\Z8[N7vS6i[j,q驖R|8[eӼKON;5cNXpYv!n\n+^CcM+}\0oK3?y\'>ls6[1Lݍ_߃m[URAR\\;XݻXύLxʇa\Z#iqwwpr߱mN%np+_Z%)@7K%ׇ2\'OQqWʸQȘ^5}yxe2FYHgۤN*s8ӛ1<Ȗcߺ>_3ɀ@Wy$u]X*2N5\n5|3a1x\"yފzML[alfB^JեS%!*DFg!LhI>T}Ytˇ<Ҡ9xj^ޡKxJRѯBRH1^|Rm30^`:Tռ\'N\ra.|6Lk6>ƦwU1q?uXp->B8*I?2<>-rxQ̗]ĕ8eVm\'hvp_o-w_W&|/>5]2M:[)Rd/q$]yy6[G!nECsI~ؕ@=¼&ay[?0FPL}\rBnG@Р;z,Xo\0|)]7zKO-R\ZVglom#it juFv7Yq MWi	ZJNH;\039.Q\0_LtuDlו^wPdr&^=}9\niC~=j4ʓ\"{OCy	){QTA&j	0A(#~h$AQ;\Z\\LQ\'jkX&zWA\'y	$r~OO)?/j&S<&gA*h;G;\"x>L*`CPu(*PTCOIt+x]\01A@\Z\n@$>W;UK:̑+ä<[jyҳSӮ6qs\0/<fb댴҄BBD Hv\ZR&x|[uamUMmj֐r*PH[lBQ\n&GQwuKd_X	ZJpBJwKvԚt9/:()6J/Ji\'j)jD܀>R\'x\'	U\Z5jGog.<r_n;aV0vwSM9$\rw&\'\"$wU\0F\n	0(-B4+w W	4e+Rp-3ߐ~Yj0lׇ-ߥ.	T,̣~##R埉eGn8eIJaZ@ְa{g<=ͧG]rN\0X,+qK\rmj[N$I)N.ͩ<:箧b9N9[X>m*T8;	2;q+9\rFڜ \0\n۟MJ*2jPjp+W\0sElc\Zvȸ#eíZR\0*D7\'?jy͸^7wY1Z[0/;W|4L.YZXvCkFbיﱭۤ3n%jr}&h*dfj?\":@3+2e.k3\nB>j鍚r]xNgsەlc`.KqΟK~)fۮ:?pNԕO>WuX31\06\'߆\0*r+8Lۏ9u;/?p,<QFG#^K=w?J\"jgz}^<]qalS/eI@cx&wM*;}\rz=,4}<\'+3߹o~Y@\'}nv]k\"XM$պY*\'iR=nyk٪\rfym_[0?;Ο֍,%>]oy!8V5#IM:qgp>;l	\'@2%Yt{s<TICJ/m |K\\{\0ɞ.`۵g:o6<ΥC`zeDnڄ,ϩ,So^^]nE*mZY\"x˄uuL&RY^{96t4]=VN~?E%CZO!I%$pMoSqVO]aVz(TcTNz	;fL\0\Z	QA\n1ނ`L\0\nj;sA$}1PB@LOB҂xT>4sM3ڂITH?NE<Py$\Z*\"MPx;P@V~CL3ê\0L(3ڰRԢP$%Q[rw%cV[xչ3ˍiSwn;R	i!7kݟQeZ,\ru!ĨʣZ@\\\0I9>sShiĺZZdD!)rD\no$mrJF\nu\\;D&jWϕ(hZ\0Ϊ[PU2g\Z\0 A8)#=w-c癋	\0:u\n\"\0h}hjPP3ށ$waGW;\Z\reH<qDn!	O*>Wu0;G7s6k|D`\\xΘ%a9*դ8b_ĭԯqB<GbWu人t&tqE@&ٯ%=Mf.1i-rms^gI:m2}(;	̙]I36f5\06ͥ$Jwx\'߹V)C\\&R=df<jӖ!ju:&\0|t8}Pml yn]r>-ԬyK+p:h̚2KǺ>\Zz9N\'\n|\0+yv>S>SsC@ [Oҽ3S	L0gOt;+\'vlt)&(wy/NxjG<GYX|5xSb6Y-Ԑ`Tk2YNzG_2H0W$W.wOt^ASqng0ULʟsM}^)ń?;y?%?gX)7;SA\n\rBV;K孭ψ[)1>nx;n\"j,gO3࿨k*/LpYrB]mn(ȐEp^Y]]|_cy{\rc8T$>A\00 q[S]k$O§Us. ӹܫYiHy6/We cɩXћ=寋mIJp澡|B\\Stp-=|h$\\[\nd(ԗe?M)>}[|֫n1>fw{.<\0%i׬\0*d*a>9oS.-^Sl/HҬ	1T(nc\\ڂ7#E!\\2yJ	Q4h\'4#о3$\0P#@PBw4JA4B\"h	 s(\nB+jA\"d*P1Xv<fwký/1Vfי1BV-DTtcy>?{\0vK,b\0˘9`!N\\\0Υ$ƠR6Twӎ\0N]&M1k	\nii}jCn<\ZTH[\Z\r+1\'Ցm(%)R1DOU\\c*-\0VdFU5\"I3ު\r:&}M@Q7٧}hf3Jf+k<mĹj~TV;v[CBh=(\ZT0g@ց0ci;hP)0h3[,_qDjعv7I8Z`H~bjs9:^]BR	P2\nڥbx\'+zϸ*Z֣%DI=mAѝK6Y7[%Y8IQVWnp~-5e\ZƝm,t#H	$\rpx|7=;롽=°aa-r\rC޼W|3\0CiAYygb#qʽxh_K\rՌ:ds}Wv<;\'sn.dDP6>QVNg4[`HIUo\rkjn`	1ۚ߻lj:+Yy78%t]R#aJS	\0^I52M	iX嗇Lqu7E`xd擪$G\0{޺q\\{Ⱦ(0p\\bjP\\6 >{7x}w$Ç_5!x5׉u-K csYx>~uJIQ,.14AM\\Pj6.\nj?^V_Q	H\"L*,:}!|J5ҋ^a=dO0LFŋCnEN0tH<,+Gg&~׳oݶ[=];0GrgHm\Z.-LjΤ(@!-	;jNLnG,C\'?3b^}\r)zZCkp! [YprlˑcY$\rt򟊜FY뮶wFk;_zj-)jդi\Z58FOfT?uSL1̑s8X6^V!vRY!^HSn\0 na1+g\r.+?j8}\0JPAz	Q(!D\r5vA>3(ȠLx\0qA$z	$sFrM\"L4D(1h=\r*(;o@\0IP`+a{N:R	ւǽVĨA5+6gUHR4ef`JSXaZ8cQDX$!e6)MB@ԲT\02y65zeX<%uibR\r~^d\0dԽ\\}j)Դ*tw%yqZPi\rNL\rhy4k(Q6((-.il ҹxt4^oᏔH;MU@;]z)P(\0GM*G47)ȢQ#:4=Q;J5D^K{Ѧq\n#FrQQ$O\neK2v\Z+U(4;}\0ye:SR+#-P\Z>Ջ]1Ƿ_7xY;;&ez[BVa6ҕ;\n7ܺ}K88\rȪͽ^61qšp,XgA d#Tx~\\rg\'O0-Ԍo#~ñ|2%yl)KWʕHo3gn>req۸[zY:	\0*\05zxOh>KGoCSjI\"y*97.ݱՓWYа$Ҁssk}\r?mQ+)YWro>bVYˁF.\"$\0ֻue\'Qh7.B/}Lի2mzیSiԳ$w\'7<0ܞ-R1\\[-CM=k<u=uOTfkuXl($4Ft(w]\0\r|_?b(MwiIMsuWxn_ǯ]rpkfL#1ld&YR@BT\"U_Cf/9[ Bq\\V휇cUIW:b!$:\0%|4% Doz\0ۜ}\0w;\'9cèMםAV)RvFF,4	_[e*\0)k$c.;^Q91jϲ/>g]j(b9\03k%lZ`ܫVZa+Q\0\\< b]bܼ\0C)Lb\'F5)yFXetP;\nǽ5ւLp\rg}1IނHM!taAJ1	A$#;@+FrI;o\rM4B;(\"+4IDL	\'[PoT#4S}ڥH\"*74C\Zl4\ZNj\nqVKF;6yaP9Ra#\"Xcsc>_d[~C,݆;-lnϘJK\0-A\"Tָ3R9se򟊎aO,m_(*PO#Jֱ<ocVWuY	JBu n@ TmG\n*QoA<I$Of(\n˦S7~:[{STr]1z&(J.r&\nf(Do4Y>D$Qf;ОE4M tadԫ\nE2GoւҴ>K$vG5xjVөmFA7ݗK8-/%̷kpי];QZsU\'~hjfLAh	0A~[6Tp6\rN<YmRϘ ϭb:?\rVEXnDkX?&4L*<>L|?zN	\0A2OHטl\ZEfĉ8?t`Ŧ)X1ǎ-z\\˿̷1ltaTv\r)DmWIV)tTqSܨz0e;fL=Em`t/VwUӨ-m.^)I	W>\\yxqzW>Ǿ\"o-|+JKn@=e\0OGp}ק/#qnsQq>cmzp^)l!0N.,fx<e]JCpӽnmN5[B@ZNIF&\0w_vbG0,a:9l(-HZ\0%dDכr\\о}駍֗EVT<?6O;}7|^Z̚y)>@\ZvI}(JqԶ=Qk\'}ʖ׭=vO\"K-ڻ\n_fÖ\ncYlyf6\ZEl\'MÉL,*DBԩ֨ĥr\ZI\"&	!D5PB;PAPN\0AGi4=ZQAMG}\'(\'FrA#	]oQ]mD(3AJ*	MިS[5XQ< \0P:PLVh)/C>9OUh&?`uk\\bܛ5z\'KP~N]erK_n3*\\]Qi7PPR!Ƒ:TN\rux9R+.YD<Ү۶MsAT[\ZJ\0T@IH|ш_-RQQ\ZudoEp;	PwR(U4DP@PXJ)$Dly޹r;q$WW9zڅ3G>z!=Д~(áld(\n.cj5++BN~J5u֍0ӥ*\\W֔wfW=]Ѷ-ХGkޝK2i-m\rᖮ%--FP\"cxޮ\ZtgL\r!].AA+IlA\"L҃SkY;En)\"n2ԷMʫY)T5:czpxp\\EsDI	t[Bkwt#zMm^F%Yнnݵ)ì,XK6l4iO\0$|r>Z\ruȅs<^+|tr_f/9M b,(YZ\n94P[\"\nR½3hH$+HƆAAޔDnj\n­;.\0e$R:gݳh%֖P+Xܲ礪D۝b\n\0(3[0O]7!j\0LwRiL\0+{7\ZS\"|_	 w0;mjK]1q_ek	\0nt	>*=-ΛbqԠ* @?;APOn9![m|TLU$Ƞƣ#jQNA\'A\'m!j!^{	$~	*1A$D&84p$@Fb#I4T\nb)TAV@RTIT\rv&(\nŁނ\0՗@ޯa|L?-5WV8_ɷυ$4m(#~)<pi\0>͊O_᭩*)wБp@A2y:5ד.lCXӟC*.8<z!D&<fnGs]8B>FnDj\05QQ@(\nxCJ$fk~]\0+g;[zwjC[1l\0O4e]349GւkmFq!q(3fum:JSs@F\n:OV	&ն-xv>펅tKd\nڮYwYÜge!;J$ח^oVsVNǰx\"*l)\ZI*}je0~\Z>I>k%EMaq{b2V#}yzw\0xΘ|/|Bg1e?~%l>څp|n3ڏJ?oKy_Wo-q0,gt_\\٥E*m:TV`JA5s^F>WFpn}Ι1bؾ\'u__9Ǘğ@\0 \0\0\0\n\'NI|6:\0]y~]>T#;^|>n}Q|dssYO8Cc .D~zn\n1ĞMzeykHᓷ2O5 3ڝ:\"a^W^SO2Z(rupޮ7WLn\rmʹih0E4E%(\"ȆPMZx|noj[.5ZJŻnO$V&Ą-䏔y?eIڨg;Ir(Oz$\r,԰vģA\n${H(0y( >ڃ\Z\0A\n0&c\"Izd($CP>K-B*.QI<NڂTdI@Q&9PI*1Q*5-TgT@Ҩ2h*jE}j/Wp-HmK}o CQ}6qgקC0cx.&q][l1t%K 2$N9<@}EJt6I)L\0;\0\"=3\\yT	dK\rTa<@P-ր3tA`JC#gdy\0Z矗\\<V8Bh[1\n\'FqDʀ; zPڂ(֚$z+`6.8h(\'w+6m=FʶA4u[d¤EfwJw?]3kbl!dL$q-<K㗉q_0\\Fcoc|/t)u;:R&d[_XI6QSVxfh|*\'t;>_\\5l0Jˤ)]n\'u^I71vHr#me6BmCeKtb\0RTsh[Җ,9qINΖ%K wǓg?\r|0sf9wbJ~xԣ=\0l+$.16֣#\Z@PBWh>+zå!)\Z3zqyyOBYJ\0\05<rϬ\r.@L^/-#UAh35` ȅ\0vYݴۨ)qr(:8e+ܵw-NZؽkxݱf)Q޴PCBVⴡ$ϥklEu\0*%f\ZָJNk2QiqVe^*MuȔ؟ւU57\n\0m\0<VL@4@vƲ	;PB\\zPcWA*$b\Z($54	1ނJn($A$E3O4:I;QsD#Tbg\"JϥIU#h۵@*ZTT	SM%U-.k@+4UAVv>|;{u\'Ss4삽!JCAM{^[>?\09Q<#fP?fʴT|ijT\0ZqKeEy\ZBT[	Y\nPHy$4˪U8BB` \n#<s@s@J\"ڀ(7l?f+yW<aᴎ+(\n۽4h	$n(PRD(m^QiEv\'Jp]nիn!$rX^!˾Jy ;;q/A-RD\0˰z7e	8ڔRgR #hn{G*y]Ic}Lh	ޡzp:ف\\!Abᳲ~ccw9W+==rUnb8dn$);\0&jpr,=޽bMOa5ͷNwx;-\0w8huL@ԅ\0Dk}G/4U0c9oym^|{gaIii_&sʉ**Rj^/.m6B+\"N\0\nnKxSP@V޽8GϽo%.䦞\'VK6lqW<4LUj\nn#F@Mv\ZWz_jr͵\ne.\nmbAxKq?Wioٰ\\elGsMOA7ٳܹX;>͟׶7+ݨ-<]H.S0r\'|pI5Qv; A&\"4㊢jjAQQh1)D0h ނ	4?΂@4{vII63A*#ӵ&HhA[DDP#!t\n6\"%FvU`+_}iTOjyjv\n(\n*~)f\n ɨ(Db~\0О4\0Y)hZB>XFNl\">j\0늻Ʈinn5*TH@L\Zjt/V޹hQ%  ʈ\ZG\'߃uիHqZFg&(~(@PnxR@\0o,qmgcP@P9h\0&7\rhMP0$(m(Ԛjmʎýk\n\ZKrp=]ld$sG-]nR7,۵a	)hJeU1;F7,2N\"ZF,pJEÉ/<4k}\"*Vusu3=!cjRֶYW:1Fh.p\0v]R gVR$&!&GWVϷ8XNid`:ɵ-iFnn8n\n&_/|Gno-G~OŦmFL#Ry;Mxs8/ˌcsR`jkM޻j2Em6eE{c{}=aN&25!\nP I>~fz}ʷHn\r)jI^JX98nbsn\0\Zk3DDyg=ڔ@\'4GozzU\r*ځ\'AA6ցVA{SBT\"Ƣz	$DM)~\'ڂdvJ1	Gs@	RxLcQ1A*3AdvAUނ	8(f/a4Lxd.ȨO	QhdLфM	\'ցl;A$P- P*4\nFƥ\"IԽ	)GZPg@((\ZZ	}f>#C+bw\0ᷡ<*\r`{L+s?Jq9d*u!˴lw j	V 0B[J$#愒?1\"n쨨4DA4\0}AE\0wPh7c_q\\uh]\Z]PQI\n(\r怠`j\nHElQ\rC,0?HpD9Tnq-Kh~?/VmT^sI7!T\nt	 *ӠgAnzK\\?-_x!r\ZU꒰e&0x\'jjJvgc,kV\Z*ڮԢI!ODL~PVuc() \0=\0Y1&v0Ojl<zwȿޏib59LJn޷\03_q+Z5$xׇjX66Q{՞2c_ޭI$L\n__WvʌǂƹcwPH	*޽O\r>Ni9;6(\'CYč_pӏO&5yW\nI҂@ҽW˷cR\0&f*,v4_}T6h\'YQ9= 3P)6;v%FNJX43A\nWƲxwJjA*ނ@TfTEj	Wz	V}$(4MĘ\"zJi$Dڂh%Fh@\n+AZ͢=曖v\nM۶?EP>ARޗB5G~\reJo8BJmLnN@;RyjgU\0SWM9v-z44	NI2j@m\"~ώBYKiB#I=֓NN(!&	jѹ̓҂h\nEbg@O^k#byc?wlWcXX(\n()<PP޴n3҉<\n+p`)a*LIT\'`y$$(\rKBzjĥo,%Fڳj5;?S`fװf|nq_d)$4R+I:SDYvq&,1叿|KBA%Z@[Dj5(4I;A/5t>C\0^g<*GT|^4me?\rk)9fLx^IA$^NYG]>sWkWQ=O6\\ڗ4BJXUJpڒ\nS)<zqǪ{}eMΠ$k7osORMޟ) ;m~\0:_w*!D8֙D2A`lMHₓPڀ\"m5	hQ	+To@O~(I\"g	A09۵Lj1I>I\"(1aA\n:h O҂Tvv<AO{PAނUM\rQCR%Q3FHJ;A$*NނI@A&旺@[Jv$Ȭl2xVA\09$n(Y\0fGU\0VGx|:3=?񓑯ݞ\'IXLx[IZOږN9?y跋\\x#᥻BKq(i!*r6\'`]+<rN)rÀ>mgZI;\rCˮU!\n\r	\"\'ZJ\\@P%lfI4Onh5x:TDuGU	L*gOZdP@Pv\n F鯳`LLr#	<{(J\ZXqJ~]MM=o&b%l)xhm܏O_ZE|K&e,QqD|i-Qn5ZVLH07=zJA[\Zip$*\'u+=\\Xf wԧQ\05~=χ>),\"%0=W,c\\3(*ƘLƾx9K=r\0 |$Hpvn=/JJ	W|i̿.ylݲg=o㝼|pWŧYBP1ڂ6@@o\06*&O@;OҁNƁ?΂Jz\"Hhd	$I<yGnƥzzP\"OaAĳ&A(Ih1z	QA?ZQj	\'}hBo4<Iv\0Z	QAAT	<1@GzQz$T\"5$ɤj(1t\ZH4fYNՐpE\Z\r|\rf^`ؕ/9<h!I;{XkJ),coEpL<-3F\\bD\ZքecQ;.L}GKCl~mnTdo\0IسD8g1Z4^ Q@P#PI\"IG@Fm		ߟT\ZS]Pm?MʳÃ&@mCLAq.*ImℍTeMjV#⃛[C~fBIB;y*\Z`$Q;DGҳ׭:osX_TU)t(N@ #ڑ_:S)uW93	\r1rA\0X$6ۮ3SN\noEZLG43J\rn\Z#oA?O{CFNW^`m5{10?6(~i=޸N%MX\0,mW%}jɘ~\nt6Ңmǿ5^1{ט%[НEIvo<pɂϨ&T^eOv8\Zu;?z#MʥDZZuM\0\Z\0PPQցP=\0\0H~S@N(;@\0<IT(%DNv		ZPJXwp\nTE5tO],A#;<Jj	F\nD&$A$4PM\'҂LN@JI\'U>Ի	JYZ\nL	v\r1T8bQI;\nE6\"|\n]c-ћWV!)Ţ]j\Zt>c^ڸt<#jͲ\ZRtÃIRZAR`|Nrj\Z)Ҩҹ>o7\"a4Z	\'P*ڀ)u&{5/ZnWonγ\'zhdA[s#\0#~ƀ(\ZDA	XԶ4ލV٭4&HWgrJԗJL>\ZvNrJiH:x\'sv5\nEߙn$:\0PR\n>jT=%==tb%Ze<MG?\02;Qk`&xlGvD\r[I4qACo >\ZeiW?:\'Z\'6Zl{.g;W1.֌XyZoA]3crm׬k/1N1-K}(l\0>^|х}Fs[$>O{{48[ot\'lbiݠ~JK+0k0(fI\0E~(恂h^*ƀfx	gA%bdP\ZjT;;ҁj34P=\'@h&LJܚdA*ToA\nV4ԮJOjQA\n4O$$@Nџң$Qވ\'O*&x;{IUI}1Z{[К`+AH\rRi+B@Vlwzt$:?ʛcn){dx/|!Y6o5!Xb$BZ|Ӥ\'yf{zv3.{_N\\In|_<]K-\0e|+Sr}Vֵeē=G@5Zcƀ	ɠ@@}(A]4a@IBo/u˼`trP@4)	 giѯeN/N6{r,bMi(AۍyvSô2@/J5	\"D*]5,	P$3bӜ=*PJ>an\0J]8gwvӨxGu ۬\0w	<D=bI(@\0*IZh-$v4={A¤_u53z䔹aɕnZ@KW,nWx?̾+:y}\rn}ASn*;sV:2صJkI\0zmze=շQ%t$j1q~MLnY3--ZN3 )ۂH!3gg/:;a@		oҁG 0@6?YAF9\0UA%`PCҁJyZkzT@h$JRPI jm\ZcYB#z06h%G׿ϧz	*M\"J]$LWM$]Q<Q@($(&\'iO\'@*%LڥMjxUIN5EjMjU;I@V~Cj*dX\r@Ta,KH$n+qgc#!%@TP{\Zݗq%u_Ik)unN+0;~ٱyl;	1[I$\',{/I+˅ҰB[JP*ؐ@\"vmNA6JaZHI؊58y\"(%B=mހP-AasD)y]dx鵤EtrT\0(AA\0vPZ4U {ѻVA\0BaAIJH*vLZBwPh\0qul-6%#MJL$H\'r;wG}n0Е 3zf~4xv͙utnmR)\r?oY;e1qFW6o))ZN?QYwsl)PhBH4\"f\"I(;Aw/}zs H|q|%Hd^7\\u?MN~s7SP;7>߅\Z|_\\$Gք}smEwqMb	ISaR~땿^O~/c*.t\\W&U7iϾ\'Z\0i]st!Q7@\01^/Ovp`+)14;-S*@@5wJX@y\n@P&hP-[*$ȠAP`~jWs@Oj	Y=Ƀ@\0PcQAdBA\n4L*$PJ\"I*IVPI&S4P\"Gz	Zw@(%FO\nT	Q;\ZI>\0`I4YDOނ	4@V|\0X(+Z*j&L.\n~((5Z)kv9 -%JnJ	[\0ˬΚg̉ͻm5ʉ $w31lsƼu-A.9.N!p$۵TXI\'R	@D @<Sv}kΝ8zio6׎۟p1f6<UA\'(\ZA\'$jieIGڋ-Jn;\0rţ0G(Jw}ϥJ˲7 .4NFڊܝ)j}%	_#}	#j:w^0ϔ])*@  ƒK+xw~0ohQbu6ʉ Iy\'޴~;;uTuk\n?ĔPpP>zlt<;TteHۑAh+ v\"h=GlUJHxs0>v7)?3M~%=9σ)i\n-´& S|y_wS\ny-cap-ޥ:c_z\0̵t+Z\Z?\0\':\'ࡘop	Sko\0L?l7:}<]H8Hw\0\0b~kr]v(WրA\ZҀ;ց\0L+HZc@=j΁Ȁ(\rB lh$&	J;R;!DJjTph fIbv&d\n	$[BE&$ށPj&{P\"M&($@렎I;zܐ\"@҉$zgYZh&(dP*(\nh/`\nטfb+u)fPRH;oA-q<ǁ_.黛+)XZ=?jq> :3:ϕq-	o0WIQ!_)!\nJm糓SO\\Jp^хʂR70LG;tmXuHP\"Z?Z	P\\s@5e Ϧ/F<ޛ>\"l*Gp4B\0EmP:v`H\n\rB\Zۓ<Ф$)\" mmeƐ\0|;,n|\\ԷdIJ@>M{vQp\'CG6XT۾CrlRJ?jJQtOZ9qcӤ֛^hT$\'C9z~4֪Cq>$=^{Os!q{yJǱIXwq@­u[zḆ殪\\logm.ҀnJVxSxJ\ZXV\'QT h=?z~!YJWޘҙͶt#X7}N˅gOQ]Uڕ[\rieajmg~$y^9Ok\ryn ߞ@^~eG\rY_ȺJ^MBZg%I߀ך]a)ma|M~.$7]@<Y/8C|%J]!߇)׃jQ;?Fw>_,֟(vy<m@jzXzI(\0L@Hz2cdPL)@HP hGc@ځ(z@U(Rv R\0AP~th%GނI4\nRA$@j\'҉j\n&`+mTL>欛\nM@LmA$	VBI`G<A$JQ¨\n&h\n\nTvh*hk>@wև.ǰ\\l5t%Iʊx7\rΎY9ۯ\0<ReDc1nҔPRLR	) ϩ<1yW4aZ]ڂ?0*<O[&NYc($ր\'hTҴJbHy.IezO\0ƹN\"k=2&hj-ΕjI;Gj5$>Z#XC`\Z#ESG``ʵ>fͪRs\nWv_w?T$q H^5XogubYFLޟaqh٪R|x\'h Nw>J:,(JY\'nL5HRrEKkp@\0CU]sk.ddZqyamm0ˊ*N^LF;SSk-28+1gq<F\\uRJ\0Bj6_/x\'Y`mj[[Gjٵ(Hޱfpҡ;j)Ю,bUgѓ0nks\r\nmMۑkF` s9r߆/\ZЮe+pRۭ[$T$VRǚrz)7_*r=t㢘!Z:xEhJB/i:~Zl1e>]bk]Kv	7]=>%gXV&m(\0q9?_p-L1kĘ?%VYE{8\0;rHrHQ93NፅG@ԣ@»@<]I5GށjQ@4lhjO\0	4\0UVA$\Z	*($J(!gh}h%GA* 	&w4U\0	&x?M%G}I&Dcj	$M\Z	QA$4U޴V@oVA*j[@ۚ%{g%\n(%[O@Pga6h\n{ c4@ҀP,Ȭ·|4:N`eq5ݘ ۿiAKs> \"iⵌc?y;zcžKg\rM-XqirJ0$󨐝xq*J~tp\'r75ep؞Z|4(ȠDO4(ށ4\0nr=nrP\'\05=[X@@2@\Z$(5#ѭXI!NBݹ>SI>%#n^;^`JcjLo;⅋5lR҂\n@;30b=LQ_.Jm:]i;?LD3~N]Ka$j*oW+\nq	6h*nE U<)\'Iȉ<n>F3g\\amn*f\'e$ =<zWtRAkpmݴ\0jB\0AԿRl;}vn+ZTTMgvnЕͭqOa8{)m Ď=fnyfS7#o{ntNߩ.;;\0v]V7!#6Yna-r߆\0B/1N1`Y޾K1eɓ\"\0\r\nt1_11\0MxK.$́`%܉ҬsY{	\0j},0ېsG3ÎZJ*LPkoFZw\Z_t/cո%Q=?P\0+30\\(\":	\0ހ$\0Q@}c@vO41@I41@_J;4$\nG%\0A\n3%JQ\0	4M4A)&SDR\'xD\n	;\0$M\0v@h\n(Y5\"v0h%GTT\0DPATPP\02x	z(j\r\0T9@)#\r*=\0TGۚ\ZŚ\ZKlop۬vq\n\nI@5^ܥ>u8._t%+%E(I\"CPkrg%ᎴhvYm[,*G={YN-K\Zw$~_jXєNb{((m5e𒭦#\0SN;R6\r)1)g)\0ڴʀP:	j*?Ѯny`hJ\"\'Ҡ#ŵKPP~+eRBڵɀN=§.y.oS@`Py\r;3*u|\'It%EB3y7}t0$[N >buEGB+-\'n}֑{v62vEnl(TI}=y)1Y+]$9n;Dyq~jbK.%3o$$d@}+T,\'ߙ|7vt[T7;Ig5b)a\\U-jޟCӷ<<x;{bIn^\nUov(|4&߲\\HDIQ!#d5/$<׈Xf\0m-nN8]|w\Z?L{ח,.GӼ-˸ۅZ(19<3\n7sO	Hy7:	Z*BkՇV<\\P޻:j{P@j@~PyH1Fށjށ@OڂJJLsTH<PI1Di*4]P>R\0\n2Od\"fPJ<I	=\n״\";TMK7Bh\"@K2@&L[\nD#hg(A*1@\n$*(	<M61XOoAU,ئρvs^_r7GF\0yqNirkKv4Y\n\'`J<ۙm<,8A!0\"k:0Gޫ;PցqIP*θˡM\'idek7́\"@7DVp7mۑ53F恂f\reipgM\r#ZVR	FeYqj&\0D;?J˰\'4])!PJf>iϧK`Vp\0ta|Jx}|.V@qe@J\"\"g;K]?uvVy6λ%Z<J{q{4|iV;Qn7#øpшaPA\nD(TV[ll![H	zy7PldGAF=?]>}L6)p\'n1Eչ;$?tG~V5[\'H$m?zX7s\nf7UmcL/[-!͑IE,ƱEյ\0\n[\\n5Ef;c}g=4⬪_8\ZI\r22\0vww\'ٟ\nu#\\*nm\\27oV?>;V3|fbA\'ݭ\Z\0[\'kхsONj\\rԱ}^;kz巛YBRHLεPAh1^1j1`m-bǕg&Ht6\0qd[)ty\"AH;{i&1޶uL>BТ!B#EFӨh@iE\\$\0ĒxEPf4jށzA*QZoPI zPI3+m[)RhE@QO4A@*h%JbI&@?A$k-yڠ+r	RR$VwZ*M&P(	^΁M&J)TA@SpM\n>It\ni;7ؠA0k7:[bY\ra\rbZ<沯%Ăv\0$\0*N\\织ջx˶UZ)m,!RX\"A\'[y/R1WXJ]J[VDnRuLOjPL4$(7s8mCW?˓X6 m]La[qP0doAIڃ[hL\ZqejJRRPH)\0_OsL]}8j\nIGyzw`Wi%a\ZÎ6:\"I>}K$j8ۄږ@I\"B}{T[ۙ]ifq%-aJB\"7Q0d{\'˵2\0MЏ)AD$\'q pv%xè?A$byS}IfP8G@~sW\ZuK\nRW}9+Y0\r<O#\0M_	^nKGu$a갿ZХ=PD oRtǯ,îazۣZ 6ƫ{\0\n\\f$\\^plEY>Y9Nx3X\rv˾rw0Z~&a(RȀGs=+^67쟜1\\1(As-쥉R*gkxw|5\\ᙂh%lIvTRFTWT9~7]%g̹qmF;`@Zz{ˍ\'<ܛRיĒݝ~!txi\0rʑ(smw6,e&nB}OoZ^i=r1%o2O͙%)SHqD(@ܩ`	QHnenYj6<>fEy\rPm8\"܀^z@!|M7[Quxุt΀c{YaTIeT\0QZhV\0O$P\"vT{IP;A*QPJz&;}$Di$MJ FhPEDDɠEFMP\"wڬ$1V$r+\"fH54\n\\(ȠmTHZ\"g@P<Tt\nYS@S]ThRjb>.2\0Zŕq:	C uGOx?O^,htNKU EZ=YR%@kZ#$O`w:tmiuAI\0;zVٳM-\n?j	h\n4]4JV\"IB;Q3׏MVN[D֥sWLuPMFA* DɢM\0^s$ws\\\rS!:PI\"7{fr4-eCJT!P@q߬R3|C)<CTj !SJ} p#0U]3jl		TtsR%ӹi7G:\"Gw1V#Ž_[}ZHYҢDlU\0#B66[VTli>Vd칩Za$I\ny{I4X2BSѱE<+S\'nWbݕ~G\"f{$~Ťj.\"\'s]iqRDH2YwΈK\"\0č!$_S>XY^>i;1k,oquHl\ZNȁAǔmdic2`RgҴUۺsMx|[f\\kEp41尢 [%MG_^U:yݛZڰ]uiCM6RLܒ`{~\rOaG<Ox@-wK wH罸7xVm|qxqȓj[ʙ~!G}cemZ(nc.+\0y?>tlyqUbȷ6T~A&;5\rc/bl(07Q?KtǺH[=Qށ)h 6Z	\n)g4JM4U=4KROI2h$vfDjU\'@ސLɠJPf=zT{TЉHPbDSATBۂhh\'~&5P\Zh\n(5$~	(&	s@4\nI޷)|MќrWea_Q1O;q5\0<}6Mm-Zya[噐F9\Z4<3[n	d.BRS):\r{WJbSQ [J4d$\naϩ	DzEJ7Ǔ:d*A#ٮIemPRjI AaE \r5ݭ\n2AI;wu*#J`ijIMXuz$RW	F攎Ȯl4JRyO3ԅvFS.<ݝM/\')Hɑay6馞uRR\'#FOӽujϭ}9Sb@Ufr<\ZHy?V֥y	#~Oj|#-[iZ\0iZ<Fdse3ZMNʙQǼ?UAkPObhQ-v?q?#LI֦9eu\Zk,_T ⳎxgjR$T\"~mcjKgs5/*8H. #x^>_ޚߧIĶTڱ<r;2xfC3ۘn38Bp8}ﮑ]wϯEMΫb=wMelEؔ5\0Jϳ}y޴_V:ԜC8cN˫Ru-D67}϶oD1{Cm1GR|3joou<givqh[JKuj#Q\'rI&a[^x	TUipǔkHKB\0HL*_}8&&h@T\r-D;Q!khRmA%D\"7Tz&W%F9FHs@h P)j{*\0(h$WAuWy&fMY&QȚ(TPIY_Z\"j	$h\n(\n&hT(=ށP2@yP3@\nl4\nRӥ$|doX۔Sgl_W/p_RRBGnڔD$F+_yrXo_pnƭ<ՇR_imFI\'ecy9\Zͷ }Ej/5Y#O@P\0	I\n\"x!M#u<1ϤϹX6z(\ZL\ZރSlz5,%3$˰GIC#I@==r%gJɝjm_VVϏÒV7Z4w1ޤ|c9ոS$ B{Ɖ|o\'ܭ$>TVP*\"v3Y\"ҟVj)\ZWJxGmj{q }I\r<^Q\Z\0\04o)4,J#I`a_+ml\\4!MB=<,qm\\zJsU\0ҷBO\rR4XN]űX0\nQ\0V2.pr~W-齍\0nO?>\0*qOOs\01{&.z(¾ѽq\\sG)>\0u>٧\ZMOo*_tyKMXk	K,܎?v%;g$<ĴdyrWoǌ	XOB\r0ϗ(Mb8pXstR`\"GhgUnvelW)y\0pEt\r!2(\0Fo#t.\ZtJj#mAgnۡ;܄þP#ǐ3wO1Ly3MCv:B4sx	PLҐHgܥZp\nK8ϭQ-MT<Q$	YΚM=צR\0	V8u.Vӗi~^+p9\"<|=}9c-l#%P\rrR\"	ie=Rb~\Z-fx`ɠR=#ҁL\nE;m@zW$%LяBԓ;Q@A&x4P-^I&} P)		Rz\"dWUuzRzI2ij@4Zj$h\"Z	RPvW`{PM@P@Pc(\n(\nE=*\nϊ)\rjNTGL+7xdɘɷt;6!Cg^0TO>wsu^[͝׷xsZJuVu`F|dlr[ZpSjZQUDF#@PBOc292u-M؃\0g<VsWL5PPZF3\0\rZp \"9V	v<-BҠ{Quae.y¾hV`{J&9l]U4BI%`>U{mQ]͑\\B-:UH#xi}v˵05[ڢ7MA AzWGzs58R#U\Z	 ;z%`４%TBgRfHw+`;Yoƕ%d#d\0A%qi3SKJ;\nݬ68^v10فh|?0nx漜8c4٪cI-@Nߦ՝nuJB*-1*Q<gV֡]k\\;5Էkp5jQ#&,a+n-or\0akR[wݖ1zAspO\05ro\Zk\rZn;Fds4{$2^XC\\J,3\Zq۲[o)Kz1QBf󯿈4\nqf\n[<汕Qd\\({c+<p7kij.GR7$5,/MCʘ*ŲaXT[~ZZVҕ.\nMo|rӦq+0w-斔%0RA3#S/\r;hgx5PUUվƁ{4MT<%/҂IhIQ4B4E^O$\'ڂT}\r\'h\"GjU;\Z	\0քG\Z)j1\'y3/*=%JA$w(\nTcaA4@P@U\0QDEP@P1AZAVQ(3wH}+.ї<j\0,QN\Z>9GEB^^pS\\<7p\'x#{H(ՅlNF>YHh&;P@Pew|J+bczXVk϶k@٨V1I+kBwȠ҈$EM}Pۅp(G*^II**n\nTLmQyEjVA?6H۷֥H̖yhCjTܤnF7h<ŭ,6 Q11M%v\r||9\r-R[	R\0Wo?xw+OYJsBӋiW+MKӎZ:W:LjxJKi	[hrUrfyTJݰ}-\n֡mǥ;٧,.T0U݈,+m\niM8!ChV,t/[{[\'Kw,8?B7.<_9عTv{?\rtt,k:Սh{3W(R4)$ջ?GXس֢D[凵`W]Cw5ݮی.]0jns&bxڴB\"ף}众k2Ŷ\naydZ\nӜho_]ĭZDo13w,0x Q)N$ROї q\ZRP$zq]M=8N\\gqXo\r1Gp^m!ǅ^+MB$_NMrk\\	PVȝ)0W$cWYgĲN9yhgm_%8Z\0\0SaV#	̇Yx]<6Wxţ,0㘋(l)HdXmKΠ\0esw/ɏᓫ=,xnmy}X}6򿸘Pjl+Iq3>t@ν;WK=e+Jsc}nPIRBT\0je,FE)@fKTcB[U4[$H\'Y2zLnw$W4VA%_Y4WP\"gD5R?&4b!IwD6\n z\n}jyh	&wJ;mA$@\n}%J3@\'(\n}@RfGsDES`)h(\n( (*gzkA|\\WF*uIkrJTo?:Ll<3[t[v7mE:mAdjWVAJJlIby&w޵\05VRcW(\nvR/dH\0sWn,tH)0F9\n\nDMF5;JPl}I-(r76Qǔ8R		#s֥]v/0!))I)$YI<P:	%4&ʕNǸEvF%Z\\T%	V2W+\'8#gVxq>;OVb*4q$ѶÊWȎ\0ca+Z_̔B|vQQɬmաo+qHRLQ,r\\V/ݺe,\\>UDs|^.LpΒuP,Y3#u;<%jCy}{|ǿzޫr\0R2ٕ޲mB%zFA	}k˗$C~Ӷlņ4m( 8nR)wr6RFC)6uf[&DG׆S>?-6I駎aMMnael!Jݦ4crT{a?\\jF~uJ~\rhI/3q)_1⤻j̣0~\\<_w\0b㭸SbT\n*ӷGf쫫oQ4~3rNavNKbBp0\rrXv-ôr7e^b7\r(˲Hh( 4)¼3`;Þ39x,dldL񬥂;e<n]ۮ%өIa:	S\0PixKǞ:[^AgMCc̓3hjY-b<PBt	\0If>{߹7m5?u܌?}$FV♵eaIKFHTS$~#Ny۪>3NCc*w	4=6c͓k\Z	i%\0.4HVܤ{dܬOAz|ireխw!>amJg^ʔ.	53TbOAY\"-ГDT4UQDA$\0޵	&Ed\"{)߭MLxSI4T{#\06$MZ4hI vDڳUl8ށO>@T4A4#ր@Tl($h\n*&u\0S@P;M({d`*wT\r&4h*ړ×\Zj;<N)HZ[WINOˏu/];kqrCzDN(H~O5Lu^B	I\'UlXI	QqE* (\n`_gYtT\"N%0~aƘތhL>Z#PEZTDbÐ`KRϽJӶZA4p9ԫoCw\r AC	*+tvMAy6׋H\nKKQ3ginۥXI6\ŕoծx7|R됲,Hb;wns˄Gރa7(m#\Z{q\rM\Zr,/\r8(A:gҚ,r+RیICQڪ4]g-g^Yn6QNK7u^HRVN$I0A6 14cEe[KmҐ J`xk͗˧_Ɏ:JNfK+IROڎ^{T\0_Suny f98VRAvW\'+×\\9ܮJq~Մ2Ʈ<E;j\'OWy4j%+AmN=I[mT<*_ryqKPHN\0LfVOdC-;3+bko\"naJim\\3LwqҙO.fvTͨΪm[e_4eːR\"+Ϗ/޽<^u\'Ou3>n.]~+Ќ=(i\nRqn<)@7*.qk1b<Yo]Y[y\rۼ|°ZSHZ\\8EzL9{%!im%%&7B7/]<MJY\'/P2-qo5GZPm2K-u;;d5sq|Sp^gb8YJ2vt[I(IHZ35yM<u\0F\0|),^u[;M4!}za<ƭlH\nB\'ugo>xal~P\"EGɫA5*\ZMФ֤$J#cKׁ3H]3:p?Zn	ϐVn&7h@HD4	J4I56\n( GցPPBõ(\nLI8hbs>5x&bYAT\01@5ٟINtX`|SC4<%#g8\'_.̯Ѵ!n2ޢ>ert\0MM8ܩHQxI6^J\'j>@P@Pz^u[b\nK9NMګ$\0:\r}l=ֺo:Зq[PH;yvi@($$@F/iy`p\'XX08/PZ_DrDnϡWke/J.l-Ԡ_)^$\ry{ĭmb/8ÌjA.s8̠!@AݰP	j#ߚZ*26yhxaFAS\03\\SjA)Y>QZgyN(%IZ\r_]jʽpɋ]AJap\nO~BޢA@ˣIPqA[N9xu]UgI!֍O\rV8\\}C)hӷ\nSZNp?΄Uq\0lB˦.1DHJ*a\'OnQu|^l0\n<Ť`USz7[+Ɨn\nJ\00>vgՎ|ܜ}쎒xL)y[4fJ\n|%NCt:>d<t7\0vgw9k=e6Sm=gnw\Zgɶ}W;8*L/6:]\'\'wó-1wikͯ#\ZUy-6Ne-חqFXKWW8ZexV_Onu9پt܁;#l}~OIXؿO޲/n,smVV)Bu~ЦEu_.7Mmcg1sqt[\n-4m%Gp\nu@lW]*TgeHzLUWzPR@m7M,DԐ-Pw4\";U\n} =hI;ghR;MJIOP3A:vTR;:	b(PAjH4)#z*PP)Wz&Ȩ憩IEz(#QI(\ng!	\0zYڦ֪|\n *G4a^yIK\0JF$I;(~ӏz&_\0?:%Shr`H\r\0&\0#rV=a[[lQ#є&(\n (\n[(?\"R	+O^;AtnnAKfТw4\Z%nxo[&wMx!C.kqk\0A>iL2%ŕBgia\nҧÅ1&]%v&pkPa8dl7+̪̘\',g+LcxV!xG\0\0jɔJA*JR5!AY?a8ظpr8 A+j+@}⋦e~u%+0\nbLo<Fb/)VD@nD\0r7AJJBR+1;ŴII@GcSld/Z&(H$rvR^rMbaC	s0wl7,6%*WK= W\0y)ġīn~\ZZO\Z*DF9٦ՊcuՇn\r=2Bˎ 6$(W>\\nSN9.<QVG+1y{\rB\\e!iu;G\\{\'{\"i P\Z$EfįK%M8S#n,ykW6$:_<u˛|2&ydZ:>`	\\rΫчR#K6fiZpJᢷaJR$+^?wUybƼMۨASqBԢ!\"LOOW{|tESKܚւ&8@\n5zޱYt*PHJTMM#֬5D\0~>B*ZPP-pbj vUA%`Ef\"P@P@I$Lo@\n(\n@PAIM!;gW@v\n@=ƅXq[Z.6A:N60?o,6%.p>r{1$,^ruJOjVD&((\n(3߂&wO_\rcuZ%(4PS\\ӚPjIcڍo@?Z+Oϐ;I5>SYQm=Z5A)IrG\'x{VU]kDKky\0\rrrs>{N]jzZ!\0PO3<(Xn\n.\ZĜy+ap[Zn5WmalkԬn\ZwV6)IA\ZFƹm3nx{|)(|v5ɸY\\G\'PMhNrQ.A(J\Z\0vDs<zU@I喱#LԔL<R~onJT8RyIjnV\0\Z@Բ^T\ZB)KpwMq)V&rv8wSWrYx*h1<?/33r!ڤ\"̱\0)p\0ZRP@\ZMMmq\\[17|Z닫+[)EJZwR$y&n`+V8Y\"Y\0ik=IԁOjPp62}j\Zւ*j\'Y	&DZ\0\n@jg\0}\n\nv w\0JQEREQR\0\Z6M((\n(\n@P@PRU#z͉s55jx亻z@ηq\0PWһ?^uc^\\=pŹ`!t7&}c}2r,kk\0\0EikmYD*(\n(\n)\nIA\'^a\0%>cdIҹYbkۨ$wa?1HB\ngzy}w\Z}}*S˱r@|$\0Q\0zWaPhPRT6ҧ[G.sYb!Vi0(\0{JG#o/2Uq݀_3NATGyXӏ/m.e;8\0}ï@vĶV#j#J6C51}Uoˀ8\02;۟m%)XĚm[否ӴGz%ۙeQ\0RwTY4bAuCBO&$oGMIj8[$k@ݦ7t\0*5K)}jYau³GY~]VjB\Z۔jm\Z,0Ii*	 Tޮ9]LHnK?@+v1ҚM@\nu\0(zB*ێjеoRރ\n$L\0:IW	u*\0M6\rb-Ff\'֨&;A%ph3@D@=R$z\"cU@kh\nP\'Q}h4@P@Pg}=lNBF@P@P&Ih(@T9Iy;$8hR \0@\0:?OK)#ҒFf~hc2qTof_-Gs@\n(\n(\n\r,_Ht)?1\0Zn~~%n\\Af)C&}+R9ޫNQIhtQqQkҀ\0lzTj!j+\'Zy\n\n>#ʲR(*gyRMj3MY^]Hj6SD	吀PnߛKEX&\ZajR9*ҍ$Od+\nۿeizX,\\q>m+m+\0\'iܻVk+}^cm\n$ox{kJRL-[v6F$hZNlTlsk+ÜZ@ylYט}+%S H?ʪyj\'@\02&5$P楀>5oZ	4a(6`	T[	6QEF;eD]I)\"cnA}hO\0wD\0I(%FIT\nw\'TPT@hB@PM&T-{LQ)P@P@Q<FwA0&(	A!Rw?','ROLE_ADMIN',19),(5,'2016-03-29 20:01:53','faan@ro.ru','','fanny','4a7d1ed414474e4033ac29ccb8653d9b','\0JFIF\0\0\0\0\0\0\0\0	( \Z%\"1\"\')-..0 683.7(-.+\n\n\n\r+++++++-++++-+77++++++++++++-++++++++++++++++++++++\0\0\0\"\0\0\0\0\0\0\0\0\0\0\0\0\0\0\0\0D\0\n\0\0\0\0\0!1A\"Qa2Sq#3RBbrs$C%T\0\0\0\0\0\0\0\0\0\0\0\0\0\0\0\0\0\0\0\0\0\0\0\0\0\0\0\0\0\0\0\0\0?\0OQ#h	&FY IvF&\" \"\"\" \"$3\0.tSbi|o%UB(	\n}yKkyP~`uXu@Nqz7:t(Z2?( `LD@DDD@ĈZAf!BĒ\0P5$<vEM[oϩ/uo=tK\nd68!{*v,=2Bfz/Z\n;JDoyQ/KA1MҠhÓp}!8Rt>s\rDPko@o1;\\DDD`	 	0$Ĉ8o]NTokM (,N\0I>7\\|R?(e0xJ18bTgbj_;\0.\0|e\ZE_!xusTN?}(u3ASj)%r7`4Ce]hxWCGКwzӰ{:#uS\\JJKfZu\nhv#SgӦ	Pa8/iI)+Rݼ:W^5Z3),̯r7bV8GĶEj8;WQO0POzwp]LF0Jʵ2+W-[	>,g8G̈iT@*H&@&\0$DDD@DDD@DDD@DD qMGjT^tW^G\Zi|.5q.nUTUk~?7V_u\r@\ZT[\0GAcTAQ*)R;5ZG㐅LF\0C9U*il6vacB$yMTP\r\0\0\0iќe,?GQ^W5Qг!]^tzXz*%Ji:TQWwRUSz+<(xu\ZFӦO4DS_j\\:;,5JmneEsIo;G_O:b=i\n>Y\0Rjҕ?_Er`L9?^-:M\'ސڕOEHy);p95>>G\nn.5[ɚwT\rjk3;)eQV05*`0Tkom?tnO\"ghWJbH*O3XP\\1$i$ϨE@)8TP5S.^mEiS-\"\"\" \"\"\" \"\"\" \"\"xP(,tS-8)H-@XeШ\07\r{ӋqJ8jMZhRyAF1X8+[P@`\'m=>b)W).)T6婝)@t?\Zʊmܦ\'r|ɘv3^[\0\0*-2\rt͖;^QB+l7Jt֝(~ߜϚxHh͒\"TSj,toXN!Q[3\0c.xrp1tjcҦ)V\"sJo<sL]bRHJqV/=m40\"Ǜ9\ZR-7@PpX96PS\'Σ̑9aާqz@wִC2\"`$ZjǴ9B:=ZL\0^£|&F%Tmrmx2_b5*;:Z̝4!5\nޥmB<\\F\rI)@Y\Z^h\r{~I:71:ҖX=R hj6K:Wl*f޽B2_c}Λ;3f\0f77q(ŁP@FRHD9l)+\\(zd**V;OH\r\"7j4%@Lݯj{v:ؔ{@hC\0@Ato$|Oo-gFRv\r<9cSq	kaމFS&p;[_0|Dҳ+6rr\n2hMU)lnV_\rdrwШ| @uNb1NOU\"#ٚ|\raC1e[*w,5O\'Ӗ\r2&]R}9#\'Β}?MU<@l&X3M0õ<q?T{Ns~>|q?T{Ns~>|q?T{N53r~>zdkI.9I?T{N>kOz&DwD_.u?w:;Y ZU֙o DDD@DDD@DDD0iIVsBf\"kI[^W;OWLm^IV=DD@DDD@DDD@DH&\0&LO\rVmQ~d!\"R	3q\n8\nx	Ux:	ÀY1$Ĉ ``\"\"\" \"\"\" \"\"\" \"\"\" Db\"\" \"$Kbdu[K-MGqM:PVغ:GV혖v-P2\\uI	\\BZ#N@:d1bVpG\"09c%?g0ܞQq;Ox\nũBԞٗ12FJ<RF]Ej\0ExɱK5VN4\0wX_OuA\r-TԛVSqy_Uի	ZJT/q\Z})wt-s߬YNVN@~Po~#8N|[g8h|\\혀6\"TlK1d\"\\k-A\03xQ-qqs~ s2*k2t\rHf1R~PpJJ_o7ݾ6KYb/6۹02uZH\0}s9e>\r>\0|\Z[Ƅvun&9s$X[ن\03q0půjߐ:-by	.6U@^Ss-6}G0	1\nOmSQ-񁙉L?F-\0$`\r-MȱA/&a`\ZԁZqt0z`.jZ$	0 \0ַ3Ҧw,I<~H\0^\n4p*\"57	oICreHG+i]|-xT)kX\\WO;cr~o3nPDk(KsM}`Pueq\099Z}#STK\0lm`waď:}	\r\0K\n|r\0C@0j\\׽IA:OtxPg4䮗Oc&7CڍE`N\Z2}@0=DQpltN@Ǔwû}AOAO(lC-F~ak}F~keG \ZwPNl_[uN;H+0B	\ZsHXbELD@DDD@K|^R(s-Ǣn\rǽG\"<1M!݈`O\0U]Ŋ\\	%FMb yN@mL\rAݷ\nSQh(*^BJrS\Zmah4\0OCQ nX[.m$Sa\"P\r\nJ)z,\"аSNTu\0`v=\'		!H,2]o1Y12`AzPo{?pRU#(nU;|','ROLE_USER',7),(6,'2016-03-29 20:02:34','vovich@gmail.com','','vova999','4a7d1ed414474e4033ac29ccb8653d9b','\0JFIF\0\0\0\0\0\0\0\0	( \Z%\"1\"\')-..0 683.7(-.+\n\n\n\r+++++++-++++-+77++++++++++++-++++++++++++++++++++++\0\0\0\"\0\0\0\0\0\0\0\0\0\0\0\0\0\0\0\0D\0\n\0\0\0\0\0!1A\"Qa2Sq#3RBbrs$C%T\0\0\0\0\0\0\0\0\0\0\0\0\0\0\0\0\0\0\0\0\0\0\0\0\0\0\0\0\0\0\0\0\0?\0OQ#h	&FY IvF&\" \"\"\" \"$3\0.tSbi|o%UB(	\n}yKkyP~`uXu@Nqz7:t(Z2?( `LD@DDD@ĈZAf!BĒ\0P5$<vEM[oϩ/uo=tK\nd68!{*v,=2Bfz/Z\n;JDoyQ/KA1MҠhÓp}!8Rt>s\rDPko@o1;\\DDD`	 	0$Ĉ8o]NTokM (,N\0I>7\\|R?(e0xJ18bTgbj_;\0.\0|e\ZE_!xusTN?}(u3ASj)%r7`4Ce]hxWCGКwzӰ{:#uS\\JJKfZu\nhv#SgӦ	Pa8/iI)+Rݼ:W^5Z3),̯r7bV8GĶEj8;WQO0POzwp]LF0Jʵ2+W-[	>,g8G̈iT@*H&@&\0$DDD@DDD@DDD@DD qMGjT^tW^G\Zi|.5q.nUTUk~?7V_u\r@\ZT[\0GAcTAQ*)R;5ZG㐅LF\0C9U*il6vacB$yMTP\r\0\0\0iќe,?GQ^W5Qг!]^tzXz*%Ji:TQWwRUSz+<(xu\ZFӦO4DS_j\\:;,5JmneEsIo;G_O:b=i\n>Y\0Rjҕ?_Er`L9?^-:M\'ސڕOEHy);p95>>G\nn.5[ɚwT\rjk3;)eQV05*`0Tkom?tnO\"ghWJbH*O3XP\\1$i$ϨE@)8TP5S.^mEiS-\"\"\" \"\"\" \"\"\" \"\"xP(,tS-8)H-@XeШ\07\r{ӋqJ8jMZhRyAF1X8+[P@`\'m=>b)W).)T6婝)@t?\Zʊmܦ\'r|ɘv3^[\0\0*-2\rt͖;^QB+l7Jt֝(~ߜϚxHh͒\"TSj,toXN!Q[3\0c.xrp1tjcҦ)V\"sJo<sL]bRHJqV/=m40\"Ǜ9\ZR-7@PpX96PS\'Σ̑9aާqz@wִC2\"`$ZjǴ9B:=ZL\0^£|&F%Tmrmx2_b5*;:Z̝4!5\nޥmB<\\F\rI)@Y\Z^h\r{~I:71:ҖX=R hj6K:Wl*f޽B2_c}Λ;3f\0f77q(ŁP@FRHD9l)+\\(zd**V;OH\r\"7j4%@Lݯj{v:ؔ{@hC\0@Ato$|Oo-gFRv\r<9cSq	kaމFS&p;[_0|Dҳ+6rr\n2hMU)lnV_\rdrwШ| @uNb1NOU\"#ٚ|\raC1e[*w,5O\'Ӗ\r2&]R}9#\'Β}?MU<@l&X3M0õ<q?T{Ns~>|q?T{Ns~>|q?T{N53r~>zdkI.9I?T{N>kOz&DwD_.u?w:;Y ZU֙o DDD@DDD@DDD0iIVsBf\"kI[^W;OWLm^IV=DD@DDD@DDD@DH&\0&LO\rVmQ~d!\"R	3q\n8\nx	Ux:	ÀY1$Ĉ ``\"\"\" \"\"\" \"\"\" \"\"\" Db\"\" \"$Kbdu[K-MGqM:PVغ:GV혖v-P2\\uI	\\BZ#N@:d1bVpG\"09c%?g0ܞQq;Ox\nũBԞٗ12FJ<RF]Ej\0ExɱK5VN4\0wX_OuA\r-TԛVSqy_Uի	ZJT/q\Z})wt-s߬YNVN@~Po~#8N|[g8h|\\혀6\"TlK1d\"\\k-A\03xQ-qqs~ s2*k2t\rHf1R~PpJJ_o7ݾ6KYb/6۹02uZH\0}s9e>\r>\0|\Z[Ƅvun&9s$X[ن\03q0půjߐ:-by	.6U@^Ss-6}G0	1\nOmSQ-񁙉L?F-\0$`\r-MȱA/&a`\ZԁZqt0z`.jZ$	0 \0ַ3Ҧw,I<~H\0^\n4p*\"57	oICreHG+i]|-xT)kX\\WO;cr~o3nPDk(KsM}`Pueq\099Z}#STK\0lm`waď:}	\r\0K\n|r\0C@0j\\׽IA:OtxPg4䮗Oc&7CڍE`N\Z2}@0=DQpltN@Ǔwû}AOAO(lC-F~ak}F~keG \ZwPNl_[uN;H+0B	\ZsHXbELD@DDD@K|^R(s-Ǣn\rǽG\"<1M!݈`O\0U]Ŋ\\	%FMb yN@mL\rAݷ\nSQh(*^BJrS\Zmah4\0OCQ nX[.m$Sa\"P\r\nJ)z,\"аSNTu\0`v=\'		!H,2]o1Y12`AzPo{?pRU#(nU;|','ROLE_USER',1);
/*!40000 ALTER TABLE `users` ENABLE KEYS */;
UNLOCK TABLES;
/*!40103 SET TIME_ZONE=@OLD_TIME_ZONE */;

/*!40101 SET SQL_MODE=@OLD_SQL_MODE */;
/*!40014 SET FOREIGN_KEY_CHECKS=@OLD_FOREIGN_KEY_CHECKS */;
/*!40014 SET UNIQUE_CHECKS=@OLD_UNIQUE_CHECKS */;
/*!40101 SET CHARACTER_SET_CLIENT=@OLD_CHARACTER_SET_CLIENT */;
/*!40101 SET CHARACTER_SET_RESULTS=@OLD_CHARACTER_SET_RESULTS */;
/*!40101 SET COLLATION_CONNECTION=@OLD_COLLATION_CONNECTION */;
/*!40111 SET SQL_NOTES=@OLD_SQL_NOTES */;

-- Dump completed on 2016-03-30  5:29:38
